-- phpMyAdmin SQL Dump
-- version 4.6.6deb4
-- https://www.phpmyadmin.net/
--
-- Client :  localhost:3306
-- Généré le :  Dim 03 Mai 2020 à 17:55
-- Version du serveur :  10.1.41-MariaDB-0+deb9u1
-- Version de PHP :  7.0.33-0+deb9u6

SET SQL_MODE = "NO_AUTO_VALUE_ON_ZERO";
SET time_zone = "+00:00";


/*!40101 SET @OLD_CHARACTER_SET_CLIENT=@@CHARACTER_SET_CLIENT */;
/*!40101 SET @OLD_CHARACTER_SET_RESULTS=@@CHARACTER_SET_RESULTS */;
/*!40101 SET @OLD_COLLATION_CONNECTION=@@COLLATION_CONNECTION */;
/*!40101 SET NAMES utf8mb4 */;

--
-- Base de données :  `IGI-3014-CLARET`
--

-- --------------------------------------------------------

--
-- Structure de la table `ACTIVITY`
--

CREATE TABLE `ACTIVITY` (
  `id_Activity` bigint(20) UNSIGNED NOT NULL,
  `Name_Activity` varchar(20) NOT NULL
) ENGINE=InnoDB DEFAULT CHARSET=utf8;

--
-- Contenu de la table `ACTIVITY`
--

INSERT INTO `ACTIVITY` (`id_Activity`, `Name_Activity`) VALUES
(1, 'Hobby'),
(2, 'Part_time'),
(3, 'Professional');

-- --------------------------------------------------------

--
-- Structure de la table `BEEKEEPER`
--

CREATE TABLE `BEEKEEPER` (
  `id_Beekeeper` bigint(20) UNSIGNED NOT NULL,
  `Country` varchar(50) NOT NULL,
  `Cooperative_treatment` tinyint(1) NOT NULL,
  `Training` tinyint(1) NOT NULL,
  `Qualification` tinyint(1) NOT NULL,
  `FK_Experience` bigint(20) UNSIGNED NOT NULL,
  `FK_Activity` bigint(20) UNSIGNED NOT NULL,
  `Age` int(20) UNSIGNED NOT NULL,
  `id_api` varchar(10) NOT NULL
) ENGINE=InnoDB DEFAULT CHARSET=utf8;

--
-- Contenu de la table `BEEKEEPER`
--

INSERT INTO `BEEKEEPER` (`id_Beekeeper`, `Country`, `Cooperative_treatment`, `Training`, `Qualification`, `FK_Experience`, `FK_Activity`, `Age`, `id_api`) VALUES
(9519, 'LATVIA', 1, 1, 0, 2, 2, 4, '1000_A'),
(9520, 'LATVIA', 1, 1, 0, 3, 1, 4, '1003_A'),
(9521, 'GREECE', 0, 0, 0, 1, 2, 1, '1004_A'),
(9522, 'LATVIA', 1, 1, 0, 2, 2, 4, '1000_A'),
(9523, 'LATVIA', 1, 1, 0, 2, 2, 4, '1000_A'),
(9524, 'LATVIA', 1, 1, 0, 2, 2, 4, '1000_A'),
(9525, 'LATVIA', 1, 1, 0, 2, 2, 4, '1000_A'),
(9526, 'LATVIA', 1, 1, 0, 3, 1, 4, '1003_A'),
(9527, 'GREECE', 0, 0, 0, 1, 2, 1, '1004_A'),
(9528, 'SLOVAKIA', 1, 0, 0, 3, 1, 4, '1006_A'),
(9529, 'SLOVAKIA', 1, 0, 0, 2, 1, 4, '1007_A'),
(9530, 'SLOVAKIA', 1, 1, 1, 3, 1, 3, '1008_A'),
(9531, 'SLOVAKIA', 1, 1, 1, 3, 3, 3, '1009_A'),
(9532, 'SLOVAKIA', 1, 1, 1, 3, 1, 3, '1010_A'),
(9533, 'SLOVAKIA', 1, 0, 1, 3, 1, 4, '1011_A'),
(9534, 'SLOVAKIA', 1, 0, 0, 1, 1, 1, '1012_A'),
(9535, 'SLOVAKIA', 1, 1, 0, 3, 1, 3, '1013_A'),
(9536, 'GREECE', 0, 1, 0, 3, 3, 3, '1015_A'),
(9537, 'SLOVAKIA', 1, 1, 1, 3, 1, 1, '1016_A'),
(9538, 'SLOVAKIA', 0, 1, 0, 3, 1, 2, '1017_A'),
(9539, 'SLOVAKIA', 1, 1, 1, 3, 1, 3, '1019_A'),
(9540, 'SLOVAKIA', 1, 0, 0, 3, 1, 3, '1020_A'),
(9541, 'POLAND', 0, 1, 0, 3, 1, 3, '1021_A'),
(9542, 'SLOVAKIA', 1, 1, 1, 3, 1, 4, '1022_A'),
(9543, 'SLOVAKIA', 1, 1, 0, 3, 1, 3, '1023_A'),
(9544, 'SLOVAKIA', 1, 0, 0, 3, 2, 3, '1024_A'),
(9545, 'SLOVAKIA', 1, 0, 0, 3, 1, 2, '1025_A'),
(9546, 'GREECE', 0, 1, 1, 3, 1, 3, '1026_A'),
(9547, 'POLAND', 1, 1, 0, 3, 2, 2, '1027_A'),
(9548, 'POLAND', 1, 0, 0, 3, 1, 3, '1028_A'),
(9549, 'GREECE', 0, 1, 1, 3, 1, 3, '1029_A'),
(9550, 'LATVIA', 0, 1, 0, 3, 2, 2, '1030_A'),
(9551, 'LATVIA', 0, 1, 0, 3, 2, 3, '1031_A'),
(9552, 'LATVIA', 0, 1, 0, 2, 2, 3, '1032_A'),
(9553, 'LATVIA', 0, 1, 0, 3, 1, 4, '1035_A'),
(9554, 'LATVIA', 0, 1, 0, 2, 1, 3, '1036_A'),
(9555, 'LATVIA', 0, 1, 0, 3, 3, 4, '1037_A'),
(9556, 'LATVIA', 1, 1, 0, 3, 1, 2, '1038_A'),
(9557, 'LATVIA', 0, 1, 0, 3, 1, 4, '1039_A'),
(9558, 'LATVIA', 0, 1, 0, 3, 1, 4, '1040_A'),
(9559, 'LATVIA', 1, 1, 0, 3, 1, 3, '1042_A'),
(9560, 'LATVIA', 0, 0, 0, 3, 1, 4, '1043_A'),
(9561, 'GREECE', 0, 1, 0, 3, 2, 3, '1045_A'),
(9562, 'LATVIA', 0, 1, 0, 3, 1, 2, '1046_A'),
(9563, 'LATVIA', 0, 1, 0, 2, 2, 2, '1047_A'),
(9564, 'LATVIA', 0, 1, 0, 2, 1, 2, '1048_A'),
(9565, 'LATVIA', 0, 1, 0, 3, 2, 3, '1049_A'),
(9566, 'LATVIA', 0, 1, 0, 2, 2, 2, '1050_A'),
(9567, 'LATVIA', 0, 0, 0, 3, 1, 2, '1051_A'),
(9568, 'LATVIA', 1, 1, 0, 3, 3, 2, '1052_A'),
(9569, 'LATVIA', 0, 0, 0, 3, 1, 4, '1054_A'),
(9570, 'LATVIA', 1, 1, 0, 3, 3, 3, '1057_A'),
(9571, 'LATVIA', 0, 1, 0, 3, 2, 4, '1059_A'),
(9572, 'LATVIA', 0, 0, 0, 3, 1, 4, '1060_A'),
(9573, 'LATVIA', 1, 0, 0, 3, 1, 3, '1062_A'),
(9574, 'LATVIA', 1, 1, 0, 3, 3, 4, '1068_A'),
(9575, 'GREECE', 1, 0, 1, 3, 3, 3, '1072_A'),
(9576, 'GREECE', 0, 0, 1, 2, 2, 2, '1073_A'),
(9577, 'GREECE', 0, 0, 0, 3, 2, 3, '1074_A'),
(9578, 'ESTONIA', 0, 1, 0, 3, 3, 3, '1076_A'),
(9579, 'GREECE', 0, 0, 0, 3, 3, 4, '1077_A'),
(9580, 'POLAND', 1, 1, 0, 3, 1, 3, '1079_A'),
(9581, 'POLAND', 1, 0, 0, 3, 1, 3, '1080_A'),
(9582, 'GREECE', 0, 0, 1, 3, 3, 1, '1081_A'),
(9583, 'ESTONIA', 1, 0, 0, 3, 1, 3, '1082_A'),
(9584, 'POLAND', 0, 1, 1, 3, 1, 4, '1083_A'),
(9585, 'GREECE', 0, 0, 1, 3, 3, 2, '1085_A'),
(9586, 'ESTONIA', 0, 0, 0, 1, 1, 2, '1086_A'),
(9587, 'POLAND', 0, 1, 1, 3, 1, 3, '1087_A'),
(9588, 'ESTONIA', 0, 0, 0, 1, 1, 2, '1088_A'),
(9589, 'POLAND', 0, 1, 1, 3, 1, 3, '1090_A'),
(9590, 'POLAND', 0, 1, 0, 3, 2, 3, '1091_A'),
(9591, 'POLAND', 0, 1, 1, 3, 1, 4, '1092_A'),
(9592, 'POLAND', 0, 1, 0, 3, 1, 3, '1093_A'),
(9593, 'POLAND', 0, 1, 1, 3, 2, 1, '1094_A'),
(9594, 'POLAND', 0, 0, 0, 3, 2, 3, '1095_A'),
(9595, 'POLAND', 0, 0, 0, 3, 1, 4, '1096_A'),
(9596, 'POLAND', 1, 1, 0, 3, 1, 4, '1097_A'),
(9597, 'POLAND', 0, 1, 1, 3, 2, 3, '1098_A'),
(9598, 'GREECE', 0, 1, 0, 2, 1, 2, '1099_A'),
(9599, 'POLAND', 1, 1, 1, 3, 1, 3, '1100_A'),
(9600, 'POLAND', 1, 1, 1, 3, 2, 3, '1101_A'),
(9601, 'ESTONIA', 1, 1, 0, 3, 1, 2, '1102_A'),
(9602, 'POLAND', 1, 1, 1, 3, 1, 2, '1103_A'),
(9603, 'POLAND', 1, 1, 1, 3, 1, 3, '1104_A'),
(9604, 'GREECE', 0, 0, 1, 3, 2, 4, '1105_A'),
(9605, 'POLAND', 1, 1, 1, 3, 1, 3, '1106_A'),
(9606, 'POLAND', 1, 1, 1, 3, 2, 3, '1107_A'),
(9607, 'POLAND', 0, 1, 1, 3, 1, 2, '1110_A'),
(9608, 'POLAND', 0, 1, 0, 2, 1, 3, '1111_A'),
(9609, 'POLAND', 0, 1, 1, 3, 1, 2, '1113_A'),
(9610, 'ESTONIA', 0, 1, 0, 2, 1, 2, '1114_A'),
(9611, 'POLAND', 0, 1, 0, 2, 1, 1, '1115_A'),
(9612, 'POLAND', 0, 1, 0, 3, 1, 4, '1116_A'),
(9613, 'POLAND', 1, 1, 1, 3, 1, 4, '1117_A'),
(9614, 'POLAND', 0, 0, 0, 2, 1, 3, '1119_A'),
(9615, 'POLAND', 0, 1, 1, 3, 1, 3, '1122_A'),
(9616, 'GREECE', 0, 0, 0, 2, 2, 3, '1123_A'),
(9617, 'POLAND', 0, 1, 1, 3, 3, 3, '1124_A'),
(9618, 'POLAND', 0, 1, 1, 3, 2, 3, '1125_A'),
(9619, 'POLAND', 1, 1, 1, 3, 3, 3, '1126_A'),
(9620, 'GREECE', 0, 0, 1, 3, 3, 2, '1127_A'),
(9621, 'GREECE', 0, 1, 0, 3, 3, 3, '1128_A'),
(9622, 'GREECE', 0, 1, 0, 2, 2, 3, '1129_A'),
(9623, 'POLAND', 0, 1, 1, 3, 2, 3, '1130_A'),
(9624, 'POLAND', 0, 1, 0, 3, 1, 3, '1131_A'),
(9625, 'POLAND', 0, 1, 1, 3, 1, 1, '1132_A'),
(9626, 'GREECE', 1, 1, 0, 3, 2, 2, '1133_A'),
(9627, 'GREECE', 0, 0, 0, 3, 3, 3, '1134_A'),
(9628, 'POLAND', 1, 1, 0, 3, 1, 2, '1135_A'),
(9629, 'POLAND', 1, 1, 0, 3, 1, 4, '1136_A'),
(9630, 'GREECE', 0, 1, 0, 3, 2, 3, '1138_A'),
(9631, 'POLAND', 1, 1, 0, 1, 1, 3, '1139_A'),
(9632, 'POLAND', 0, 1, 1, 3, 1, 2, '1142_A'),
(9633, 'POLAND', 0, 1, 1, 3, 1, 3, '1143_A'),
(9634, 'POLAND', 0, 0, 0, 2, 1, 1, '1144_A'),
(9635, 'POLAND', 1, 1, 1, 3, 2, 2, '1145_A'),
(9636, 'POLAND', 1, 1, 1, 3, 1, 3, '1146_A'),
(9637, 'GREECE', 0, 0, 0, 3, 2, 2, '1147_A'),
(9638, 'POLAND', 1, 1, 1, 3, 1, 3, '1148_A'),
(9639, 'POLAND', 1, 0, 0, 3, 1, 2, '1149_A'),
(9640, 'GREECE', 1, 1, 1, 3, 2, 2, '1153_A'),
(9641, 'GREECE', 0, 1, 0, 3, 1, 4, '1154_A'),
(9642, 'POLAND', 1, 1, 1, 3, 1, 2, '1156_A'),
(9643, 'POLAND', 1, 1, 0, 3, 1, 3, '1157_A'),
(9644, 'ENGLAND & WALES', 0, 1, 0, 2, 1, 3, '1158_A'),
(9645, 'POLAND', 1, 0, 0, 3, 1, 3, '1160_A'),
(9646, 'POLAND', 1, 0, 0, 2, 1, 1, '1161_A'),
(9647, 'GREECE', 0, 0, 0, 3, 3, 3, '1162_A'),
(9648, 'POLAND', 1, 0, 0, 2, 1, 3, '1163_A'),
(9649, 'GREECE', 0, 1, 0, 2, 2, 3, '1164_A'),
(9650, 'POLAND', 0, 1, 1, 3, 2, 1, '1165_A'),
(9651, 'POLAND', 1, 1, 0, 2, 2, 1, '1166_A'),
(9652, 'POLAND', 1, 1, 1, 3, 2, 4, '1167_A'),
(9653, 'GREECE', 1, 1, 0, 3, 2, 3, '1168_A'),
(9654, 'POLAND', 1, 1, 1, 3, 2, 3, '1169_A'),
(9655, 'ENGLAND & WALES', 0, 1, 0, 2, 1, 3, '1170_A'),
(9656, 'ENGLAND & WALES', 0, 1, 1, 2, 1, 2, '1171_A'),
(9657, 'POLAND', 1, 0, 0, 3, 2, 3, '1172_A'),
(9658, 'POLAND', 1, 1, 0, 3, 2, 2, '1173_A'),
(9659, 'POLAND', 1, 1, 0, 3, 2, 3, '1174_A'),
(9660, 'ENGLAND & WALES', 0, 1, 1, 1, 1, 3, '1176_A'),
(9661, 'ENGLAND & WALES', 1, 1, 0, 1, 1, 3, '1178_A'),
(9662, 'ENGLAND & WALES', 0, 1, 0, 1, 1, 2, '1180_A'),
(9663, 'ENGLAND & WALES', 0, 1, 0, 1, 1, 3, '1181_A'),
(9664, 'GREECE', 1, 1, 0, 3, 2, 4, '1182_A'),
(9665, 'GREECE', 1, 1, 0, 3, 1, 1, '1183_A'),
(9666, 'POLAND', 1, 1, 0, 3, 1, 3, '1184_A'),
(9667, 'POLAND', 1, 1, 1, 3, 1, 4, '1185_A'),
(9668, 'POLAND', 1, 1, 1, 3, 2, 3, '1186_A'),
(9669, 'POLAND', 1, 1, 1, 3, 1, 4, '1187_A'),
(9670, 'GREECE', 0, 1, 0, 3, 1, 3, '1188_A'),
(9671, 'ENGLAND & WALES', 0, 0, 0, 3, 2, 3, '1189_A'),
(9672, 'ENGLAND & WALES', 0, 0, 0, 3, 1, 3, '1190_A'),
(9673, 'ENGLAND & WALES', 0, 0, 0, 3, 2, 3, '1192_A'),
(9674, 'POLAND', 1, 1, 0, 3, 2, 1, '1193_A'),
(9675, 'POLAND', 1, 1, 1, 3, 2, 3, '1194_A'),
(9676, 'POLAND', 1, 0, 1, 2, 1, 2, '1195_A'),
(9677, 'GREECE', 0, 1, 0, 2, 2, 1, '1196_A'),
(9678, 'GREECE', 1, 1, 0, 3, 2, 3, '1197_A'),
(9679, 'GREECE', 1, 1, 0, 3, 3, 4, '1198_A'),
(9680, 'POLAND', 1, 0, 0, 3, 2, 2, '1200_A'),
(9681, 'FINLAND', 1, 1, 0, 3, 1, 3, '1201_A'),
(9682, 'POLAND', 1, 0, 0, 3, 1, 4, '1202_A'),
(9683, 'FINLAND', 1, 1, 0, 3, 1, 4, '1203_A'),
(9684, 'FINLAND', 1, 1, 1, 3, 1, 3, '1204_A'),
(9685, 'ENGLAND & WALES', 0, 0, 0, 3, 3, 4, '1205_A'),
(9686, 'FINLAND', 1, 1, 1, 1, 1, 3, '1206_A'),
(9687, 'FINLAND', 1, 0, 0, 3, 1, 3, '1209_A'),
(9688, 'FINLAND', 1, 0, 0, 3, 2, 3, '1210_A'),
(9689, 'POLAND', 1, 1, 0, 3, 1, 4, '1211_A'),
(9690, 'FINLAND', 1, 1, 1, 3, 2, 3, '1212_A'),
(9691, 'ENGLAND & WALES', 0, 0, 0, 3, 1, 3, '1214_A'),
(9692, 'ENGLAND & WALES', 0, 0, 0, 3, 2, 4, '1215_A'),
(9693, 'FINLAND', 1, 1, 1, 3, 1, 3, '1216_A'),
(9694, 'ENGLAND & WALES', 0, 1, 1, 3, 2, 3, '1217_A'),
(9695, 'FINLAND', 1, 1, 0, 1, 1, 3, '1218_A'),
(9696, 'FINLAND', 1, 1, 1, 3, 1, 4, '1219_A'),
(9697, 'FINLAND', 1, 0, 0, 3, 3, 3, '1220_A'),
(9698, 'FINLAND', 0, 1, 1, 1, 1, 3, '1222_A'),
(9699, 'FINLAND', 1, 1, 0, 3, 2, 3, '1223_A'),
(9700, 'POLAND', 1, 1, 0, 2, 1, 3, '1224_A'),
(9701, 'POLAND', 1, 1, 1, 3, 1, 3, '1225_A'),
(9702, 'POLAND', 1, 1, 0, 3, 2, 4, '1226_A'),
(9703, 'GREECE', 0, 1, 0, 3, 2, 2, '1227_A'),
(9704, 'POLAND', 1, 1, 0, 3, 2, 3, '1228_A'),
(9705, 'GREECE', 0, 1, 1, 2, 3, 2, '1229_A'),
(9706, 'POLAND', 1, 1, 1, 3, 1, 3, '1230_A'),
(9707, 'POLAND', 1, 1, 0, 3, 1, 3, '1231_A'),
(9708, 'GREECE', 1, 1, 0, 3, 1, 3, '1232_A'),
(9709, 'POLAND', 1, 1, 1, 3, 1, 3, '1233_A'),
(9710, 'GREECE', 0, 1, 0, 3, 1, 3, '1234_A'),
(9711, 'POLAND', 1, 1, 1, 3, 2, 4, '1235_A'),
(9712, 'POLAND', 1, 1, 0, 2, 1, 2, '1236_A'),
(9713, 'GREECE', 0, 1, 0, 3, 3, 2, '1240_A'),
(9714, 'ENGLAND & WALES', 0, 0, 0, 1, 1, 2, '1241_A'),
(9715, 'POLAND', 1, 1, 1, 3, 1, 4, '1242_A'),
(9716, 'ENGLAND & WALES', 0, 1, 0, 1, 1, 3, '1243_A'),
(9717, 'ENGLAND & WALES', 0, 0, 0, 1, 1, 2, '1245_A'),
(9718, 'ENGLAND & WALES', 0, 0, 0, 3, 1, 3, '1246_A'),
(9719, 'ENGLAND & WALES', 0, 1, 0, 2, 1, 4, '1247_A'),
(9720, 'GREECE', 0, 0, 0, 2, 2, 1, '1248_A'),
(9721, 'LITHUANIA', 1, 1, 1, 3, 1, 4, '1249_A'),
(9722, 'GREECE', 0, 0, 0, 2, 2, 2, '1250_A'),
(9723, 'GREECE', 0, 1, 1, 3, 3, 3, '1251_A'),
(9724, 'GREECE', 0, 0, 0, 3, 1, 3, '1252_A'),
(9725, 'ENGLAND & WALES', 0, 0, 0, 3, 1, 4, '1253_A'),
(9726, 'ESTONIA', 0, 0, 0, 3, 1, 3, '1254_A'),
(9727, 'ENGLAND & WALES', 0, 0, 1, 3, 1, 4, '1255_A'),
(9728, 'GREECE', 0, 0, 0, 3, 3, 3, '1256_A'),
(9729, 'ENGLAND & WALES', 1, 0, 0, 3, 1, 3, '1257_A'),
(9730, 'ESTONIA', 1, 1, 0, 3, 3, 2, '1258_A'),
(9731, 'ESTONIA', 1, 1, 0, 3, 1, 2, '1259_A'),
(9732, 'ESTONIA', 0, 1, 0, 3, 1, 3, '1260_A'),
(9733, 'LITHUANIA', 1, 1, 1, 3, 1, 4, '1261_A'),
(9734, 'ESTONIA', 0, 1, 0, 2, 1, 4, '1262_A'),
(9735, 'GREECE', 0, 0, 0, 3, 3, 3, '1264_A'),
(9736, 'ESTONIA', 1, 1, 0, 3, 3, 2, '1265_A'),
(9737, 'GREECE', 0, 0, 0, 3, 2, 2, '1266_A'),
(9738, 'GREECE', 0, 0, 0, 3, 3, 2, '1267_A'),
(9739, 'LITHUANIA', 1, 1, 1, 2, 1, 3, '1268_A'),
(9740, 'GREECE', 0, 1, 0, 3, 2, 3, '1269_A'),
(9741, 'GREECE', 0, 1, 0, 2, 1, 3, '1270_A'),
(9742, 'ESTONIA', 1, 1, 0, 3, 1, 4, '1271_A'),
(9743, 'ESTONIA', 0, 0, 0, 2, 1, 2, '1273_A'),
(9744, 'LITHUANIA', 1, 1, 1, 3, 1, 3, '1274_A'),
(9745, 'GREECE', 0, 1, 1, 3, 3, 2, '1275_A'),
(9746, 'ESTONIA', 0, 1, 1, 3, 1, 3, '1277_A'),
(9747, 'SWEDEN', 1, 1, 1, 1, 1, 4, '1279_A'),
(9748, 'SWEDEN', 1, 0, 1, 3, 1, 4, '1280_A'),
(9749, 'SWEDEN', 1, 1, 1, 1, 1, 3, '1281_A'),
(9750, 'ESTONIA', 0, 1, 1, 3, 3, 3, '1282_A'),
(9751, 'GREECE', 0, 0, 0, 3, 3, 2, '1283_A'),
(9752, 'SWEDEN', 1, 1, 1, 3, 1, 4, '1284_A'),
(9753, 'ENGLAND & WALES', 0, 0, 0, 3, 1, 3, '1285_A'),
(9754, 'POLAND', 1, 1, 0, 3, 1, 4, '1286_A'),
(9755, 'SWEDEN', 1, 0, 1, 2, 3, 4, '1287_A'),
(9756, 'ENGLAND & WALES', 0, 1, 1, 3, 2, 3, '1288_A'),
(9757, 'POLAND', 1, 1, 0, 3, 2, 4, '1289_A'),
(9758, 'GREECE', 0, 1, 0, 3, 3, 3, '1290_A'),
(9759, 'ESTONIA', 0, 0, 0, 3, 1, 3, '1291_A'),
(9760, 'ENGLAND & WALES', 0, 0, 0, 3, 1, 3, '1292_A'),
(9761, 'SWEDEN', 1, 0, 1, 2, 1, 3, '1293_A'),
(9762, 'ENGLAND & WALES', 1, 0, 1, 3, 1, 4, '1295_A'),
(9763, 'FINLAND', 1, 1, 1, 3, 1, 3, '1296_A'),
(9764, 'FINLAND', 1, 1, 0, 3, 3, 3, '1298_A'),
(9765, 'ESTONIA', 0, 1, 1, 3, 1, 3, '1299_A'),
(9766, 'SWEDEN', 0, 1, 1, 2, 1, 3, '1300_A'),
(9767, 'ESTONIA', 0, 1, 0, 3, 3, 4, '1301_A'),
(9768, 'SWEDEN', 1, 0, 1, 3, 1, 3, '1302_A'),
(9769, 'SWEDEN', 0, 1, 1, 1, 1, 2, '1303_A'),
(9770, 'FINLAND', 1, 1, 0, 3, 1, 2, '1304_A'),
(9771, 'FINLAND', 1, 1, 0, 1, 2, 2, '1305_A'),
(9772, 'SWEDEN', 1, 1, 1, 2, 1, 3, '1306_A'),
(9773, 'FINLAND', 1, 1, 0, 3, 1, 4, '1307_A'),
(9774, 'ESTONIA', 0, 0, 0, 2, 1, 3, '1308_A'),
(9775, 'FINLAND', 1, 1, 0, 3, 1, 4, '1310_A'),
(9776, 'POLAND', 1, 1, 0, 3, 1, 3, '1313_A'),
(9777, 'ESTONIA', 0, 1, 0, 3, 3, 3, '1314_A'),
(9778, 'LITHUANIA', 1, 1, 1, 3, 2, 2, '1315_A'),
(9779, 'POLAND', 1, 1, 1, 3, 3, 3, '1316_A'),
(9780, 'FINLAND', 1, 1, 0, 1, 1, 4, '1317_A'),
(9781, 'POLAND', 1, 1, 0, 3, 1, 3, '1318_A'),
(9782, 'FINLAND', 1, 1, 0, 3, 1, 4, '1320_A'),
(9783, 'FINLAND', 1, 1, 0, 3, 1, 4, '1321_A'),
(9784, 'FINLAND', 1, 1, 0, 3, 3, 3, '1322_A'),
(9785, 'FINLAND', 1, 1, 1, 1, 1, 3, '1323_A'),
(9786, 'FINLAND', 1, 1, 0, 3, 3, 4, '1324_A'),
(9787, 'ESTONIA', 1, 1, 0, 3, 2, 3, '1325_A'),
(9788, 'FINLAND', 1, 1, 0, 3, 1, 2, '1326_A'),
(9789, 'POLAND', 1, 1, 1, 3, 1, 4, '1327_A'),
(9790, 'FINLAND', 1, 0, 0, 3, 2, 4, '1328_A'),
(9791, 'FINLAND', 1, 1, 0, 1, 1, 3, '1329_A'),
(9792, 'FINLAND', 1, 1, 0, 3, 1, 3, '1330_A'),
(9793, 'FINLAND', 1, 1, 0, 3, 1, 4, '1331_A'),
(9794, 'FINLAND', 1, 1, 1, 3, 2, 2, '1332_A'),
(9795, 'POLAND', 1, 1, 1, 3, 1, 4, '1334_A'),
(9796, 'ENGLAND & WALES', 0, 1, 0, 3, 1, 3, '1335_A'),
(9797, 'FINLAND', 1, 0, 0, 3, 1, 4, '1338_A'),
(9798, 'POLAND', 0, 1, 1, 2, 2, 2, '1339_A'),
(9799, 'FINLAND', 1, 1, 0, 3, 1, 3, '1340_A'),
(9800, 'FINLAND', 1, 1, 0, 2, 1, 2, '1341_A'),
(9801, 'ESTONIA', 0, 1, 0, 2, 1, 1, '1344_A'),
(9802, 'ENGLAND & WALES', 0, 0, 1, 3, 1, 3, '1345_A'),
(9803, 'FINLAND', 1, 1, 0, 3, 1, 3, '1347_A'),
(9804, 'FINLAND', 1, 1, 0, 3, 2, 3, '1348_A'),
(9805, 'ENGLAND & WALES', 0, 0, 1, 3, 1, 4, '1349_A'),
(9806, 'FINLAND', 1, 0, 0, 2, 1, 2, '1350_A'),
(9807, 'FINLAND', 1, 1, 0, 3, 1, 3, '1351_A'),
(9808, 'FINLAND', 1, 1, 0, 3, 1, 3, '1352_A'),
(9809, 'FINLAND', 1, 1, 0, 3, 1, 4, '1355_A'),
(9810, 'FINLAND', 1, 1, 0, 3, 1, 3, '1356_A'),
(9811, 'FINLAND', 1, 0, 0, 3, 1, 4, '1357_A'),
(9812, 'FINLAND', 1, 0, 0, 3, 1, 4, '1359_A'),
(9813, 'SWEDEN', 1, 1, 1, 1, 1, 3, '1361_A'),
(9814, 'ITALY', 0, 1, 1, 3, 3, 3, '1362_A'),
(9815, 'POLAND', 0, 1, 1, 3, 1, 1, '1363_A'),
(9816, 'SWEDEN', 0, 1, 1, 2, 1, 4, '1367_A'),
(9817, 'SWEDEN', 0, 1, 1, 2, 1, 3, '1368_A'),
(9818, 'SWEDEN', 1, 0, 1, 2, 1, 3, '1369_A'),
(9819, 'SWEDEN', 1, 1, 1, 1, 1, 3, '1370_A'),
(9820, 'SWEDEN', 0, 1, 1, 2, 1, 3, '1371_A'),
(9821, 'GERMANY', 1, 1, 1, 3, 1, 3, '1375_A'),
(9822, 'POLAND', 0, 0, 0, 3, 1, 3, '1377_A'),
(9823, 'POLAND', 0, 1, 0, 3, 2, 3, '1378_A'),
(9824, 'POLAND', 1, 1, 1, 3, 1, 4, '1379_A'),
(9825, 'POLAND', 0, 1, 0, 3, 1, 4, '1380_A'),
(9826, 'POLAND', 0, 0, 0, 3, 1, 2, '1382_A'),
(9827, 'POLAND', 1, 1, 0, 3, 1, 3, '1383_A'),
(9828, 'POLAND', 1, 1, 1, 3, 1, 3, '1384_A'),
(9829, 'GREECE', 0, 1, 0, 3, 2, 2, '1385_A'),
(9830, 'POLAND', 0, 0, 0, 3, 1, 3, '1386_A'),
(9831, 'SWEDEN', 0, 1, 1, 3, 1, 4, '1387_A'),
(9832, 'SWEDEN', 1, 1, 1, 1, 1, 3, '1388_A'),
(9833, 'SWEDEN', 1, 1, 1, 2, 1, 3, '1389_A'),
(9834, 'SWEDEN', 1, 1, 1, 3, 1, 3, '1390_A'),
(9835, 'SWEDEN', 0, 1, 1, 1, 1, 3, '1391_A'),
(9836, 'SWEDEN', 1, 0, 0, 1, 1, 3, '1392_A'),
(9837, 'SWEDEN', 0, 0, 1, 3, 1, 3, '1393_A'),
(9838, 'POLAND', 1, 1, 0, 3, 2, 3, '1395_A'),
(9839, 'ESTONIA', 0, 0, 0, 2, 2, 3, '1396_A'),
(9840, 'POLAND', 0, 1, 1, 3, 1, 4, '1398_A'),
(9841, 'GREECE', 0, 1, 0, 3, 3, 3, '1399_A'),
(9842, 'SWEDEN', 0, 1, 1, 3, 1, 2, '1400_A'),
(9843, 'SWEDEN', 1, 1, 1, 3, 1, 4, '1401_A'),
(9844, 'ITALY', 0, 0, 0, 3, 3, 3, '1402_A'),
(9845, 'GERMANY', 0, 1, 0, 3, 2, 3, '1403_A'),
(9846, 'GERMANY', 1, 1, 0, 3, 1, 3, '1404_A'),
(9847, 'GERMANY', 0, 0, 0, 3, 1, 3, '1405_A'),
(9848, 'GERMANY', 1, 1, 0, 3, 1, 3, '1406_A'),
(9849, 'GERMANY', 1, 1, 0, 3, 1, 3, '1407_A'),
(9850, 'GERMANY', 1, 1, 0, 3, 1, 3, '1408_A'),
(9851, 'ITALY', 0, 1, 1, 3, 3, 3, '1409_A'),
(9852, 'GERMANY', 1, 1, 0, 3, 1, 3, '1411_A'),
(9853, 'GERMANY', 0, 1, 0, 3, 2, 3, '1412_A'),
(9854, 'GERMANY', 0, 1, 0, 3, 2, 3, '1413_A'),
(9855, 'GERMANY', 0, 1, 0, 3, 2, 3, '1414_A'),
(9856, 'GERMANY', 0, 1, 0, 3, 2, 3, '1416_A'),
(9857, 'GERMANY', 0, 1, 0, 3, 2, 3, '1417_A'),
(9858, 'GERMANY', 1, 1, 0, 3, 1, 3, '1418_A'),
(9859, 'GERMANY', 1, 1, 0, 3, 1, 3, '1421_A'),
(9860, 'GERMANY', 0, 1, 0, 3, 2, 3, '1424_A'),
(9861, 'GERMANY', 1, 1, 0, 3, 1, 3, '1425_A'),
(9862, 'POLAND', 0, 1, 1, 3, 2, 3, '1427_A'),
(9863, 'ESTONIA', 0, 1, 0, 3, 1, 3, '1428_A'),
(9864, 'POLAND', 1, 1, 1, 3, 3, 3, '1430_A'),
(9865, 'ESTONIA', 0, 1, 0, 3, 1, 3, '1433_A'),
(9866, 'LITHUANIA', 1, 1, 0, 3, 2, 3, '1435_A'),
(9867, 'ITALY', 0, 1, 0, 3, 3, 3, '1437_A'),
(9868, 'POLAND', 1, 1, 1, 3, 1, 3, '1438_A'),
(9869, 'ITALY', 0, 1, 1, 3, 3, 3, '1439_A'),
(9870, 'GREECE', 0, 0, 1, 3, 2, 2, '1442_A'),
(9871, 'ITALY', 0, 0, 0, 2, 3, 2, '1443_A'),
(9872, 'POLAND', 0, 1, 1, 3, 2, 2, '1444_A'),
(9873, 'GREECE', 0, 0, 0, 3, 3, 3, '1445_A'),
(9874, 'ESTONIA', 0, 1, 0, 1, 1, 2, '1446_A'),
(9875, 'LITHUANIA', 1, 1, 0, 3, 2, 2, '1447_A'),
(9876, 'ESTONIA', 1, 1, 0, 2, 2, 3, '1448_A'),
(9877, 'GREECE', 0, 0, 0, 3, 3, 3, '1450_A'),
(9878, 'ESTONIA', 1, 1, 0, 2, 1, 3, '1451_A'),
(9879, 'ESTONIA', 0, 1, 0, 3, 1, 3, '1452_A'),
(9880, 'POLAND', 1, 1, 1, 2, 1, 2, '1453_A'),
(9881, 'LITHUANIA', 1, 1, 0, 3, 2, 3, '1454_A'),
(9882, 'ITALY', 1, 1, 1, 3, 3, 4, '1455_A'),
(9883, 'POLAND', 1, 1, 1, 3, 1, 3, '1456_A'),
(9884, 'ITALY', 0, 1, 1, 3, 1, 3, '1457_A'),
(9885, 'POLAND', 1, 1, 0, 3, 1, 4, '1458_A'),
(9886, 'ESTONIA', 0, 0, 0, 1, 1, 2, '1459_A'),
(9887, 'POLAND', 1, 1, 0, 3, 1, 3, '1460_A'),
(9888, 'POLAND', 0, 0, 0, 3, 1, 3, '1461_A'),
(9889, 'ESTONIA', 1, 1, 0, 1, 1, 3, '1462_A'),
(9890, 'ESTONIA', 1, 0, 1, 3, 1, 3, '1463_A'),
(9891, 'ITALY', 0, 0, 0, 2, 1, 3, '1464_A'),
(9892, 'ESTONIA', 0, 1, 0, 3, 1, 3, '1465_A'),
(9893, 'POLAND', 1, 1, 0, 3, 1, 4, '1467_A'),
(9894, 'ITALY', 0, 1, 0, 3, 1, 3, '1468_A'),
(9895, 'POLAND', 0, 1, 0, 3, 1, 4, '1469_A'),
(9896, 'FINLAND', 1, 0, 0, 3, 1, 4, '1470_A'),
(9897, 'FINLAND', 1, 1, 0, 3, 2, 3, '1471_A'),
(9898, 'ESTONIA', 0, 1, 0, 3, 1, 3, '1472_A'),
(9899, 'POLAND', 1, 0, 1, 3, 1, 4, '1473_A'),
(9900, 'POLAND', 1, 1, 1, 3, 2, 3, '1474_A'),
(9901, 'ESTONIA', 0, 1, 0, 1, 1, 2, '1475_A'),
(9902, 'POLAND', 1, 1, 1, 3, 1, 3, '1476_A'),
(9903, 'POLAND', 0, 1, 0, 3, 1, 2, '1478_A'),
(9904, 'ESTONIA', 1, 0, 0, 2, 1, 2, '1479_A'),
(9905, 'POLAND', 1, 1, 0, 3, 1, 2, '1480_A'),
(9906, 'POLAND', 0, 0, 0, 3, 1, 2, '1481_A'),
(9907, 'ESTONIA', 0, 0, 0, 2, 1, 3, '1482_A'),
(9908, 'LITHUANIA', 1, 0, 0, 3, 2, 3, '1483_A'),
(9909, 'POLAND', 1, 1, 0, 3, 1, 1, '1484_A'),
(9910, 'ESTONIA', 0, 1, 0, 3, 1, 4, '1486_A'),
(9911, 'POLAND', 1, 1, 1, 3, 3, 3, '1487_A'),
(9912, 'ESTONIA', 1, 0, 0, 2, 1, 2, '1488_A'),
(9913, 'POLAND', 1, 1, 1, 3, 2, 2, '1489_A'),
(9914, 'ESTONIA', 0, 0, 1, 3, 1, 3, '1490_A'),
(9915, 'ESTONIA', 0, 0, 0, 2, 1, 4, '1491_A'),
(9916, 'LITHUANIA', 1, 0, 0, 3, 2, 3, '1493_A'),
(9917, 'POLAND', 1, 1, 1, 3, 2, 1, '1494_A'),
(9918, 'POLAND', 1, 1, 0, 3, 2, 3, '1495_A'),
(9919, 'POLAND', 1, 1, 0, 3, 1, 2, '1497_A'),
(9920, 'POLAND', 1, 1, 1, 3, 2, 2, '1498_A'),
(9921, 'POLAND', 1, 1, 1, 3, 2, 3, '1499_A'),
(9922, 'POLAND', 1, 1, 0, 3, 1, 4, '1501_A'),
(9923, 'POLAND', 1, 1, 0, 3, 2, 3, '1502_A'),
(9924, 'POLAND', 1, 1, 0, 3, 1, 3, '1503_A'),
(9925, 'POLAND', 1, 1, 1, 3, 2, 2, '1505_A'),
(9926, 'FINLAND', 1, 1, 0, 1, 1, 2, '1506_A'),
(9927, 'ESTONIA', 1, 0, 0, 2, 1, 2, '1507_A'),
(9928, 'FINLAND', 1, 0, 0, 3, 1, 2, '1508_A'),
(9929, 'FINLAND', 1, 0, 0, 3, 1, 4, '1509_A'),
(9930, 'FRANCE', 0, 1, 0, 3, 2, 3, '151_A'),
(9931, 'FINLAND', 1, 1, 0, 3, 1, 3, '1510_A'),
(9932, 'ITALY', 0, 1, 1, 3, 1, 4, '1511_A'),
(9933, 'FINLAND', 1, 1, 1, 3, 2, 3, '1512_A'),
(9934, 'FINLAND', 1, 1, 0, 1, 1, 3, '1513_A'),
(9935, 'ESTONIA', 0, 0, 0, 3, 1, 4, '1514_A'),
(9936, 'FINLAND', 1, 1, 1, 1, 1, 3, '1515_A'),
(9937, 'POLAND', 1, 1, 0, 3, 2, 2, '1516_A'),
(9938, 'ITALY', 1, 0, 1, 3, 1, 2, '1517_A'),
(9939, 'ESTONIA', 0, 0, 0, 3, 1, 3, '1519_A'),
(9940, 'GERMANY', 1, 1, 0, 3, 1, 3, '1520_A'),
(9941, 'LITHUANIA', 1, 0, 0, 3, 2, 3, '1521_A'),
(9942, 'FINLAND', 1, 1, 0, 3, 1, 4, '1522_A'),
(9943, 'FINLAND', 1, 1, 1, 3, 1, 4, '1523_A'),
(9944, 'GERMANY', 1, 1, 0, 1, 1, 3, '1524_A'),
(9945, 'FINLAND', 1, 0, 0, 2, 1, 2, '1525_A'),
(9946, 'POLAND', 1, 1, 0, 3, 1, 2, '1527_A'),
(9947, 'HUNGARY', 0, 1, 1, 3, 2, 1, '1529_A'),
(9948, 'FRANCE', 1, 1, 0, 3, 3, 2, '153_A'),
(9949, 'HUNGARY', 1, 1, 1, 3, 2, 3, '1530_A'),
(9950, 'POLAND', 1, 1, 0, 2, 1, 3, '1531_A'),
(9951, 'FINLAND', 1, 0, 1, 3, 1, 3, '1533_A'),
(9952, 'FINLAND', 0, 0, 0, 3, 1, 2, '1534_A'),
(9953, 'FINLAND', 1, 0, 0, 1, 1, 3, '1535_A'),
(9954, 'LITHUANIA', 1, 0, 0, 2, 2, 1, '1537_A'),
(9955, 'POLAND', 1, 1, 0, 3, 1, 4, '1538_A'),
(9956, 'GERMANY', 1, 1, 0, 3, 2, 3, '1539_A'),
(9957, 'GERMANY', 1, 1, 0, 3, 2, 3, '1540_A'),
(9958, 'GERMANY', 1, 1, 0, 3, 1, 3, '1541_A'),
(9959, 'GERMANY', 1, 0, 0, 3, 1, 3, '1542_A'),
(9960, 'GERMANY', 1, 1, 0, 3, 1, 3, '1543_A'),
(9961, 'GERMANY', 1, 1, 0, 3, 1, 3, '1544_A'),
(9962, 'GERMANY', 1, 1, 0, 3, 1, 3, '1546_A'),
(9963, 'POLAND', 1, 1, 0, 3, 1, 3, '1547_A'),
(9964, 'POLAND', 1, 1, 1, 3, 2, 2, '1548_A'),
(9965, 'POLAND', 1, 1, 1, 3, 1, 4, '1549_A'),
(9966, 'FRANCE', 0, 0, 0, 3, 1, 3, '155_A'),
(9967, 'POLAND', 1, 1, 1, 3, 1, 3, '1550_A'),
(9968, 'POLAND', 1, 1, 0, 3, 2, 4, '1551_A'),
(9969, 'ITALY', 0, 1, 0, 3, 2, 3, '1554_A'),
(9970, 'ITALY', 0, 1, 0, 3, 3, 1, '1555_A'),
(9971, 'POLAND', 1, 1, 0, 3, 2, 3, '1556_A'),
(9972, 'POLAND', 1, 1, 0, 3, 1, 4, '1557_A'),
(9973, 'FRANCE', 0, 0, 0, 3, 1, 4, '156_A'),
(9974, 'ITALY', 0, 0, 0, 3, 3, 2, '1561_A'),
(9975, 'POLAND', 1, 1, 1, 3, 1, 1, '1562_A'),
(9976, 'ITALY', 0, 1, 0, 3, 3, 4, '1564_A'),
(9977, 'POLAND', 1, 1, 1, 3, 3, 3, '1565_A'),
(9978, 'POLAND', 1, 1, 0, 3, 1, 4, '1567_A'),
(9979, 'LITHUANIA', 1, 1, 1, 3, 2, 2, '1568_A'),
(9980, 'FRANCE', 0, 0, 1, 3, 3, 3, '157_A'),
(9981, 'ITALY', 0, 1, 0, 3, 1, 4, '1570_A'),
(9982, 'POLAND', 1, 1, 0, 3, 2, 3, '1571_A'),
(9983, 'POLAND', 1, 1, 0, 3, 1, 4, '1572_A'),
(9984, 'POLAND', 1, 1, 0, 3, 1, 3, '1573_A'),
(9985, 'POLAND', 1, 1, 1, 3, 1, 4, '1574_A'),
(9986, 'ITALY', 1, 0, 0, 3, 3, 3, '1575_A'),
(9987, 'ITALY', 1, 1, 0, 2, 2, 2, '1576_A'),
(9988, 'ITALY', 1, 0, 0, 3, 3, 3, '1577_A'),
(9989, 'ITALY', 1, 1, 1, 3, 3, 3, '1578_A'),
(9990, 'POLAND', 1, 1, 1, 3, 2, 3, '1579_A'),
(9991, 'FRANCE', 0, 0, 1, 3, 1, 4, '158_A'),
(9992, 'GREECE', 0, 0, 0, 3, 3, 2, '1583_A'),
(9993, 'POLAND', 1, 1, 0, 3, 1, 2, '1584_A'),
(9994, 'POLAND', 1, 1, 0, 3, 1, 3, '1585_A'),
(9995, 'ITALY', 0, 1, 1, 3, 1, 3, '1586_A'),
(9996, 'ITALY', 1, 1, 1, 3, 3, 3, '1588_A'),
(9997, 'POLAND', 1, 1, 0, 3, 1, 4, '1589_A'),
(9998, 'FRANCE', 1, 1, 0, 3, 1, 2, '159_A'),
(9999, 'ITALY', 1, 1, 1, 3, 3, 3, '1590_A'),
(10000, 'ITALY', 1, 1, 1, 3, 3, 3, '1591_A'),
(10001, 'POLAND', 1, 1, 1, 1, 1, 1, '1592_A'),
(10002, 'POLAND', 1, 1, 1, 3, 2, 3, '1595_A'),
(10003, 'POLAND', 1, 1, 1, 3, 1, 3, '1596_A'),
(10004, 'ITALY', 1, 0, 0, 3, 3, 3, '1598_A'),
(10005, 'POLAND', 1, 1, 0, 3, 2, 4, '1599_A'),
(10006, 'GERMANY', 1, 1, 1, 3, 3, 3, '1600_A'),
(10007, 'GERMANY', 0, 1, 0, 2, 1, 3, '1602_A'),
(10008, 'GERMANY', 1, 1, 0, 3, 1, 3, '1603_A'),
(10009, 'GERMANY', 1, 1, 0, 3, 1, 4, '1605_A'),
(10010, 'GERMANY', 1, 1, 0, 3, 1, 4, '1607_A'),
(10011, 'ITALY', 0, 1, 0, 1, 1, 3, '1609_A'),
(10012, 'FRANCE', 0, 1, 0, 3, 1, 2, '161_A'),
(10013, 'ITALY', 0, 0, 0, 3, 1, 3, '1610_A'),
(10014, 'POLAND', 1, 1, 0, 3, 1, 2, '1611_A'),
(10015, 'POLAND', 1, 1, 0, 3, 2, 4, '1612_A'),
(10016, 'POLAND', 0, 1, 0, 3, 1, 4, '1613_A'),
(10017, 'POLAND', 0, 1, 1, 3, 1, 3, '1615_A'),
(10018, 'ESTONIA', 0, 0, 0, 3, 1, 3, '1617_A'),
(10019, 'POLAND', 0, 1, 1, 3, 1, 4, '1618_A'),
(10020, 'ITALY', 1, 1, 1, 3, 1, 3, '1619_A'),
(10021, 'FRANCE', 1, 1, 0, 2, 1, 3, '162_A'),
(10022, 'ITALY', 1, 1, 0, 3, 3, 2, '1620_A'),
(10023, 'ITALY', 0, 1, 0, 3, 3, 3, '1621_A'),
(10024, 'ITALY', 0, 1, 1, 3, 2, 3, '1622_A'),
(10025, 'GERMANY', 0, 1, 0, 3, 1, 3, '1623_A'),
(10026, 'ITALY', 1, 1, 1, 3, 3, 3, '1624_A'),
(10027, 'GERMANY', 1, 1, 0, 3, 1, 4, '1625_A'),
(10028, 'ITALY', 0, 1, 1, 3, 3, 2, '1627_A'),
(10029, 'ITALY', 0, 1, 1, 3, 1, 3, '1628_A'),
(10030, 'ITALY', 0, 1, 0, 3, 1, 3, '1629_A'),
(10031, 'FRANCE', 0, 0, 0, 3, 1, 3, '163_A'),
(10032, 'ITALY', 0, 1, 0, 3, 1, 4, '1630_A'),
(10033, 'GERMANY', 1, 1, 0, 3, 1, 3, '1631_A'),
(10034, 'ITALY', 0, 1, 0, 3, 1, 2, '1632_A'),
(10035, 'GERMANY', 1, 1, 1, 3, 3, 2, '1633_A'),
(10036, 'GERMANY', 1, 1, 0, 3, 1, 4, '1634_A'),
(10037, 'GERMANY', 1, 1, 0, 3, 3, 2, '1635_A'),
(10038, 'ESTONIA', 0, 1, 0, 3, 1, 2, '1636_A'),
(10039, 'ITALY', 0, 0, 0, 3, 1, 3, '1637_A'),
(10040, 'ITALY', 0, 1, 1, 3, 3, 2, '1639_A'),
(10041, 'ESTONIA', 0, 0, 0, 3, 1, 3, '1640_A'),
(10042, 'ESTONIA', 0, 1, 0, 3, 1, 3, '1641_A'),
(10043, 'ITALY', 0, 1, 1, 3, 3, 2, '1642_A'),
(10044, 'ESTONIA', 1, 0, 0, 1, 1, 3, '1643_A'),
(10045, 'ITALY', 1, 1, 1, 3, 3, 2, '1644_A'),
(10046, 'ITALY', 1, 1, 1, 3, 3, 3, '1645_A'),
(10047, 'ESTONIA', 1, 0, 0, 3, 1, 4, '1648_A'),
(10048, 'ESTONIA', 0, 1, 0, 2, 3, 2, '1649_A'),
(10049, 'GERMANY', 1, 1, 0, 3, 1, 4, '1651_A'),
(10050, 'GERMANY', 1, 1, 0, 3, 1, 4, '1652_A'),
(10051, 'GERMANY', 1, 1, 0, 3, 1, 3, '1653_A'),
(10052, 'GERMANY', 1, 1, 0, 3, 1, 3, '1654_A'),
(10053, 'GERMANY', 1, 1, 0, 3, 1, 3, '1655_A'),
(10054, 'GERMANY', 0, 1, 0, 3, 3, 3, '1658_A'),
(10055, 'GERMANY', 1, 1, 0, 3, 2, 3, '1659_A'),
(10056, 'GERMANY', 1, 1, 0, 3, 1, 3, '1660_A'),
(10057, 'GERMANY', 0, 0, 0, 3, 1, 3, '1661_A'),
(10058, 'GERMANY', 1, 1, 0, 3, 1, 3, '1662_A'),
(10059, 'POLAND', 0, 1, 1, 3, 1, 3, '1663_A'),
(10060, 'ITALY', 0, 1, 0, 3, 3, 2, '1664_A'),
(10061, 'POLAND', 1, 1, 1, 3, 1, 3, '1666_A'),
(10062, 'POLAND', 0, 1, 0, 3, 1, 3, '1667_A'),
(10063, 'POLAND', 0, 1, 1, 3, 1, 3, '1668_A'),
(10064, 'POLAND', 1, 1, 0, 3, 1, 4, '1669_A'),
(10065, 'FRANCE', 0, 0, 0, 3, 1, 4, '167_A'),
(10066, 'ESTONIA', 1, 1, 0, 3, 1, 3, '1670_A'),
(10067, 'ESTONIA', 0, 0, 0, 3, 1, 3, '1672_A'),
(10068, 'ESTONIA', 0, 0, 0, 3, 1, 4, '1673_A'),
(10069, 'GERMANY', 1, 1, 0, 3, 1, 4, '1674_A'),
(10070, 'GERMANY', 1, 1, 0, 3, 2, 4, '1677_A'),
(10071, 'FRANCE', 1, 0, 0, 3, 2, 4, '168_A'),
(10072, 'GERMANY', 0, 1, 1, 3, 2, 4, '1680_A'),
(10073, 'ESTONIA', 0, 1, 0, 3, 1, 3, '1681_A'),
(10074, 'GERMANY', 0, 1, 0, 3, 3, 3, '1682_A'),
(10075, 'GERMANY', 0, 1, 0, 3, 1, 3, '1683_A'),
(10076, 'GERMANY', 0, 1, 0, 3, 2, 2, '1684_A'),
(10077, 'GERMANY', 0, 1, 0, 3, 1, 2, '1685_A'),
(10078, 'GERMANY', 1, 1, 0, 1, 1, 4, '1689_A'),
(10079, 'GERMANY', 0, 1, 0, 1, 1, 2, '1692_A'),
(10080, 'GERMANY', 0, 1, 0, 3, 1, 2, '1693_A'),
(10081, 'ESTONIA', 1, 1, 0, 3, 1, 4, '1694_A'),
(10082, 'GERMANY', 0, 1, 0, 3, 1, 3, '1695_A'),
(10083, 'GREECE', 0, 0, 0, 3, 2, 4, '1696_A'),
(10084, 'GERMANY', 0, 0, 0, 3, 1, 3, '1697_A'),
(10085, 'ESTONIA', 1, 1, 0, 1, 1, 2, '1701_A'),
(10086, 'ENGLAND & WALES', 0, 1, 1, 3, 1, 4, '1702_A'),
(10087, 'LITHUANIA', 1, 1, 1, 3, 3, 2, '1703_A'),
(10088, 'LITHUANIA', 1, 1, 0, 3, 2, 4, '1707_A'),
(10089, 'FRANCE', 1, 0, 0, 2, 1, 1, '171_A'),
(10090, 'ITALY', 0, 1, 1, 3, 2, 3, '1710_A'),
(10091, 'LITHUANIA', 1, 1, 1, 3, 1, 3, '1711_A'),
(10092, 'ESTONIA', 0, 1, 0, 3, 1, 3, '1712_A'),
(10093, 'ITALY', 0, 1, 1, 3, 1, 3, '1715_A'),
(10094, 'LITHUANIA', 1, 1, 0, 3, 1, 3, '1716_A'),
(10095, 'ITALY', 1, 1, 0, 3, 2, 3, '1717_A'),
(10096, 'LITHUANIA', 1, 1, 0, 3, 1, 1, '1718_A'),
(10097, 'LITHUANIA', 1, 1, 1, 3, 1, 4, '1719_A'),
(10098, 'FRANCE', 1, 0, 0, 3, 1, 4, '172_A'),
(10099, 'GREECE', 0, 0, 0, 3, 1, 3, '1720_A'),
(10100, 'GREECE', 0, 1, 0, 3, 2, 3, '1721_A'),
(10101, 'ITALY', 0, 0, 0, 3, 3, 3, '1722_A'),
(10102, 'ITALY', 1, 0, 0, 3, 3, 3, '1723_A'),
(10103, 'ITALY', 1, 0, 0, 3, 3, 3, '1725_A'),
(10104, 'ITALY', 0, 0, 0, 2, 1, 1, '1727_A'),
(10105, 'ITALY', 0, 1, 1, 3, 1, 3, '1728_A'),
(10106, 'ITALY', 1, 1, 0, 3, 1, 3, '1729_A'),
(10107, 'ITALY', 1, 1, 0, 3, 2, 2, '1730_A'),
(10108, 'GREECE', 0, 0, 0, 3, 1, 3, '1731_A'),
(10109, 'GREECE', 0, 0, 0, 3, 1, 3, '1732_A'),
(10110, 'GREECE', 0, 0, 0, 3, 3, 2, '1733_A'),
(10111, 'ITALY', 0, 1, 1, 3, 3, 2, '1735_A'),
(10112, 'GREECE', 0, 1, 0, 1, 2, 3, '1736_A'),
(10113, 'LITHUANIA', 1, 0, 0, 1, 1, 3, '1738_A'),
(10114, 'LITHUANIA', 0, 0, 0, 3, 1, 3, '1739_A'),
(10115, 'FRANCE', 1, 0, 0, 3, 1, 3, '174_A'),
(10116, 'LITHUANIA', 1, 1, 0, 3, 1, 4, '1740_A'),
(10117, 'LITHUANIA', 1, 1, 0, 3, 1, 3, '1741_A'),
(10118, 'LITHUANIA', 0, 1, 0, 3, 1, 4, '1742_A'),
(10119, 'LITHUANIA', 1, 1, 0, 2, 2, 2, '1743_A'),
(10120, 'LITHUANIA', 1, 1, 1, 3, 3, 3, '1745_A'),
(10121, 'ITALY', 0, 1, 1, 3, 3, 3, '1746_A'),
(10122, 'FINLAND', 1, 1, 1, 3, 3, 2, '1748_A'),
(10123, 'FINLAND', 1, 1, 1, 3, 1, 4, '1749_A'),
(10124, 'FINLAND', 1, 0, 0, 3, 1, 3, '1751_A'),
(10125, 'FINLAND', 1, 1, 1, 2, 1, 3, '1752_A'),
(10126, 'ITALY', 1, 1, 1, 3, 2, 2, '1754_A'),
(10127, 'GREECE', 1, 0, 1, 3, 2, 3, '1755_A'),
(10128, 'ITALY', 1, 0, 0, 2, 1, 2, '1756_A'),
(10129, 'ITALY', 0, 1, 1, 3, 3, 2, '1757_A'),
(10130, 'FINLAND', 1, 1, 1, 3, 1, 3, '1758_A'),
(10131, 'FINLAND', 1, 1, 0, 3, 3, 3, '1759_A'),
(10132, 'FINLAND', 1, 1, 1, 3, 3, 3, '1760_A'),
(10133, 'GREECE', 0, 0, 1, 3, 3, 2, '1767_A'),
(10134, 'ITALY', 0, 1, 1, 3, 3, 2, '1769_A'),
(10135, 'FRANCE', 1, 1, 1, 3, 3, 2, '177_A'),
(10136, 'GREECE', 0, 0, 0, 3, 3, 3, '1771_A'),
(10137, 'ENGLAND & WALES', 0, 1, 1, 3, 1, 3, '1777_A'),
(10138, 'LITHUANIA', 1, 1, 0, 3, 1, 3, '1778_A'),
(10139, 'ENGLAND & WALES', 0, 1, 1, 3, 1, 4, '1779_A'),
(10140, 'FRANCE', 1, 1, 0, 3, 1, 4, '178_A'),
(10141, 'ENGLAND & WALES', 0, 0, 1, 3, 1, 3, '1784_A'),
(10142, 'ENGLAND & WALES', 0, 0, 1, 3, 2, 4, '1785_A'),
(10143, 'ESTONIA', 1, 0, 0, 3, 2, 3, '1786_A'),
(10144, 'LITHUANIA', 1, 1, 1, 3, 1, 3, '1787_A'),
(10145, 'ENGLAND & WALES', 0, 1, 0, 1, 1, 3, '1788_A'),
(10146, 'ENGLAND & WALES', 0, 1, 0, 1, 1, 2, '1789_A'),
(10147, 'FRANCE', 1, 0, 0, 2, 1, 3, '179_A'),
(10148, 'ENGLAND & WALES', 0, 0, 0, 2, 1, 4, '1790_A'),
(10149, 'ENGLAND & WALES', 0, 1, 0, 1, 1, 3, '1791_A'),
(10150, 'ENGLAND & WALES', 1, 0, 0, 1, 1, 4, '1792_A'),
(10151, 'ENGLAND & WALES', 1, 1, 0, 1, 1, 2, '1794_A'),
(10152, 'ENGLAND & WALES', 0, 1, 0, 1, 1, 3, '1795_A'),
(10153, 'ENGLAND & WALES', 0, 0, 0, 3, 1, 2, '1796_A'),
(10154, 'LITHUANIA', 1, 1, 0, 3, 1, 4, '1797_A'),
(10155, 'SWEDEN', 1, 0, 0, 3, 1, 4, '1798_A'),
(10156, 'FRANCE', 1, 0, 0, 2, 1, 1, '180_A'),
(10157, 'SWEDEN', 1, 1, 1, 3, 3, 3, '1800_A'),
(10158, 'SWEDEN', 1, 1, 1, 3, 1, 4, '1801_A'),
(10159, 'SWEDEN', 1, 1, 1, 3, 1, 4, '1805_A'),
(10160, 'SWEDEN', 1, 1, 1, 3, 1, 4, '1806_A'),
(10161, 'SWEDEN', 1, 0, 1, 3, 1, 4, '1807_A'),
(10162, 'SWEDEN', 1, 0, 1, 1, 1, 3, '1808_A'),
(10163, 'SWEDEN', 1, 1, 1, 1, 1, 3, '1809_A'),
(10164, 'FRANCE', 1, 1, 0, 3, 1, 3, '181_A'),
(10165, 'SWEDEN', 1, 1, 1, 2, 1, 3, '1812_A'),
(10166, 'SWEDEN', 1, 1, 1, 3, 1, 4, '1813_A'),
(10167, 'LITHUANIA', 1, 1, 0, 2, 1, 2, '1814_A'),
(10168, 'ESTONIA', 0, 1, 1, 3, 3, 2, '1815_A'),
(10169, 'ITALY', 0, 0, 1, 2, 3, 2, '1816_A'),
(10170, 'ITALY', 0, 1, 1, 3, 3, 2, '1817_A'),
(10171, 'LITHUANIA', 1, 1, 0, 3, 1, 4, '1818_A'),
(10172, 'FRANCE', 0, 0, 0, 3, 1, 4, '182_A'),
(10173, 'ITALY', 0, 0, 1, 3, 1, 3, '1821_A'),
(10174, 'ITALY', 1, 1, 0, 3, 2, 4, '1822_A'),
(10175, 'LITHUANIA', 1, 1, 0, 3, 1, 3, '1823_A'),
(10176, 'GREECE', 0, 1, 0, 1, 1, 2, '1831_A'),
(10177, 'ITALY', 0, 0, 1, 3, 3, 3, '1832_A'),
(10178, 'ITALY', 0, 1, 1, 3, 2, 3, '1836_A'),
(10179, 'ITALY', 1, 1, 1, 3, 2, 2, '1837_A'),
(10180, 'FRANCE', 1, 0, 0, 1, 1, 1, '184_A'),
(10181, 'ITALY', 0, 1, 1, 3, 3, 2, '1844_A'),
(10182, 'GREECE', 0, 1, 0, 3, 3, 3, '1849_A'),
(10183, 'FRANCE', 0, 0, 0, 3, 1, 4, '185_A'),
(10184, 'SWEDEN', 1, 1, 1, 3, 1, 4, '1854_A'),
(10185, 'SWEDEN', 1, 0, 1, 1, 1, 3, '1856_A'),
(10186, 'SWEDEN', 1, 1, 1, 3, 1, 2, '1862_A'),
(10187, 'SWEDEN', 1, 1, 1, 3, 1, 3, '1863_A'),
(10188, 'SWEDEN', 1, 1, 1, 3, 1, 4, '1864_A'),
(10189, 'SWEDEN', 1, 1, 1, 3, 3, 4, '1866_A'),
(10190, 'SWEDEN', 1, 0, 1, 3, 1, 4, '1868_A'),
(10191, 'FRANCE', 1, 0, 0, 3, 1, 3, '187_A'),
(10192, 'SWEDEN', 1, 1, 0, 3, 1, 3, '1870_A'),
(10193, 'SWEDEN', 1, 1, 1, 2, 1, 4, '1872_A'),
(10194, 'SWEDEN', 1, 1, 1, 3, 1, 4, '1873_A'),
(10195, 'SWEDEN', 1, 0, 1, 2, 1, 3, '1874_A'),
(10196, 'GREECE', 1, 0, 0, 3, 3, 3, '1875_A'),
(10197, 'GREECE', 0, 0, 0, 3, 2, 3, '1876_A'),
(10198, 'SWEDEN', 1, 0, 1, 2, 1, 2, '1877_A'),
(10199, 'SWEDEN', 1, 1, 1, 3, 2, 2, '1879_A'),
(10200, 'FRANCE', 0, 1, 0, 3, 1, 4, '188_A'),
(10201, 'SWEDEN', 1, 0, 0, 2, 1, 2, '1880_A'),
(10202, 'ENGLAND & WALES', 0, 0, 0, 2, 1, 3, '1882_A'),
(10203, 'ENGLAND & WALES', 0, 1, 0, 1, 1, 2, '1883_A'),
(10204, 'SWEDEN', 1, 1, 1, 2, 1, 2, '1885_A'),
(10205, 'ENGLAND & WALES', 0, 0, 0, 2, 1, 3, '1888_A'),
(10206, 'ENGLAND & WALES', 0, 1, 0, 2, 1, 3, '1889_A'),
(10207, 'FRANCE', 0, 0, 0, 3, 1, 3, '189_A'),
(10208, 'SWEDEN', 1, 1, 1, 3, 1, 4, '1890_A'),
(10209, 'SWEDEN', 1, 0, 0, 1, 1, 2, '1892_A'),
(10210, 'ENGLAND & WALES', 0, 1, 0, 2, 1, 3, '1893_A'),
(10211, 'SWEDEN', 0, 1, 1, 3, 1, 4, '1894_A'),
(10212, 'SWEDEN', 0, 1, 1, 2, 1, 4, '1895_A'),
(10213, 'SWEDEN', 0, 1, 1, 3, 1, 4, '1896_A'),
(10214, 'ENGLAND & WALES', 0, 1, 0, 2, 1, 2, '1897_A'),
(10215, 'ENGLAND & WALES', 1, 1, 1, 2, 1, 3, '1898_A'),
(10216, 'ENGLAND & WALES', 0, 0, 0, 2, 1, 3, '1899_A'),
(10217, 'FRANCE', 1, 0, 0, 3, 1, 4, '190_A'),
(10218, 'ENGLAND & WALES', 1, 1, 0, 1, 1, 3, '1900_A'),
(10219, 'GREECE', 0, 1, 0, 3, 3, 1, '1901_A'),
(10220, 'ENGLAND & WALES', 1, 1, 0, 1, 1, 3, '1902_A'),
(10221, 'ITALY', 0, 1, 1, 3, 1, 4, '1905_A'),
(10222, 'ITALY', 0, 1, 0, 3, 2, 2, '1906_A'),
(10223, 'ENGLAND & WALES', 0, 1, 1, 1, 1, 2, '1907_A'),
(10224, 'ENGLAND & WALES', 0, 0, 1, 1, 1, 3, '1908_A'),
(10225, 'FINLAND', 1, 1, 1, 3, 3, 3, '1909_A'),
(10226, 'FRANCE', 1, 0, 0, 2, 1, 4, '191_A'),
(10227, 'FINLAND', 1, 1, 1, 3, 2, 3, '1911_A'),
(10228, 'ENGLAND & WALES', 1, 1, 1, 1, 1, 3, '1912_A'),
(10229, 'FINLAND', 1, 1, 0, 3, 1, 4, '1913_A'),
(10230, 'ENGLAND & WALES', 0, 1, 0, 1, 1, 3, '1914_A'),
(10231, 'GREECE', 0, 0, 0, 3, 1, 4, '1915_A'),
(10232, 'FINLAND', 1, 1, 0, 3, 2, 4, '1916_A'),
(10233, 'ENGLAND & WALES', 1, 1, 1, 2, 1, 3, '1917_A'),
(10234, 'FINLAND', 1, 0, 0, 3, 1, 4, '1918_A'),
(10235, 'SWEDEN', 1, 1, 1, 2, 1, 4, '1919_A'),
(10236, 'FRANCE', 1, 0, 0, 3, 1, 3, '192_A'),
(10237, 'FINLAND', 1, 1, 1, 2, 1, 3, '1920_A'),
(10238, 'ENGLAND & WALES', 1, 0, 0, 1, 1, 3, '1921_A'),
(10239, 'FINLAND', 1, 1, 0, 3, 3, 2, '1922_A'),
(10240, 'ITALY', 0, 1, 1, 3, 3, 2, '1923_A'),
(10241, 'FINLAND', 1, 1, 1, 1, 1, 2, '1924_A'),
(10242, 'SWEDEN', 1, 0, 1, 3, 1, 4, '1925_A'),
(10243, 'FINLAND', 1, 1, 1, 3, 2, 3, '1927_A'),
(10244, 'GREECE', 0, 0, 0, 3, 3, 2, '1928_A'),
(10245, 'SWEDEN', 1, 0, 1, 2, 1, 3, '1929_A'),
(10246, 'ITALY', 0, 1, 1, 2, 2, 2, '1930_A'),
(10247, 'SWEDEN', 1, 0, 1, 1, 1, 4, '1932_A'),
(10248, 'ENGLAND & WALES', 0, 1, 0, 1, 1, 2, '1933_A'),
(10249, 'SWEDEN', 1, 0, 1, 3, 1, 4, '1934_A'),
(10250, 'FINLAND', 1, 0, 0, 3, 2, 3, '1937_A'),
(10251, 'FINLAND', 1, 0, 0, 3, 1, 4, '1938_A'),
(10252, 'FINLAND', 1, 0, 0, 3, 1, 3, '1939_A'),
(10253, 'FRANCE', 0, 0, 0, 3, 2, 3, '194_A'),
(10254, 'FINLAND', 1, 1, 0, 3, 1, 3, '1940_A'),
(10255, 'FINLAND', 0, 1, 0, 3, 2, 3, '1943_A'),
(10256, 'FINLAND', 1, 1, 0, 3, 1, 4, '1945_A'),
(10257, 'FINLAND', 1, 1, 0, 3, 2, 3, '1946_A'),
(10258, 'ENGLAND & WALES', 0, 1, 0, 2, 1, 3, '1948_A'),
(10259, 'FRANCE', 1, 0, 1, 3, 3, 3, '195_A'),
(10260, 'ENGLAND & WALES', 1, 0, 0, 3, 1, 2, '1950_A'),
(10261, 'ITALY', 1, 1, 1, 3, 1, 3, '1953_A'),
(10262, 'ENGLAND & WALES', 1, 1, 0, 2, 1, 3, '1954_A'),
(10263, 'ENGLAND & WALES', 1, 1, 1, 1, 1, 2, '1955_A'),
(10264, 'ENGLAND & WALES', 0, 1, 0, 1, 1, 3, '1956_A'),
(10265, 'ENGLAND & WALES', 0, 1, 1, 2, 1, 4, '1963_A'),
(10266, 'ESTONIA', 0, 1, 0, 1, 1, 2, '1964_A'),
(10267, 'ENGLAND & WALES', 1, 1, 1, 1, 1, 3, '1965_A'),
(10268, 'ENGLAND & WALES', 0, 1, 1, 1, 1, 2, '1966_A'),
(10269, 'GREECE', 0, 0, 0, 3, 3, 3, '1967_A'),
(10270, 'ITALY', 0, 1, 1, 3, 3, 2, '1968_A'),
(10271, 'FRANCE', 1, 0, 0, 3, 1, 3, '197_A'),
(10272, 'ESTONIA', 0, 0, 0, 3, 1, 4, '1970_A'),
(10273, 'ESTONIA', 1, 1, 1, 3, 1, 4, '1971_A'),
(10274, 'ESTONIA', 0, 1, 1, 3, 3, 3, '1972_A'),
(10275, 'ITALY', 0, 1, 1, 3, 3, 2, '1973_A'),
(10276, 'ESTONIA', 0, 0, 0, 3, 3, 3, '1974_A'),
(10277, 'ITALY', 0, 1, 1, 3, 3, 4, '1976_A'),
(10278, 'ENGLAND & WALES', 0, 1, 1, 2, 1, 3, '1978_A'),
(10279, 'FRANCE', 1, 0, 0, 2, 1, 3, '198_A'),
(10280, 'ENGLAND & WALES', 1, 1, 0, 2, 1, 2, '1980_A'),
(10281, 'ENGLAND & WALES', 0, 1, 0, 3, 1, 4, '1982_A'),
(10282, 'ENGLAND & WALES', 0, 0, 0, 3, 1, 4, '1983_A'),
(10283, 'ENGLAND & WALES', 0, 0, 0, 3, 1, 4, '1984_A'),
(10284, 'ENGLAND & WALES', 0, 1, 1, 3, 1, 3, '1985_A'),
(10285, 'ENGLAND & WALES', 0, 1, 1, 3, 2, 4, '1986_A'),
(10286, 'ENGLAND & WALES', 0, 0, 0, 2, 1, 3, '1987_A'),
(10287, 'ENGLAND & WALES', 1, 1, 0, 2, 1, 3, '1988_A'),
(10288, 'ITALY', 0, 1, 0, 3, 3, 3, '1989_A'),
(10289, 'ITALY', 0, 1, 0, 3, 2, 3, '1990_A'),
(10290, 'ITALY', 0, 1, 1, 3, 3, 4, '1991_A'),
(10291, 'GREECE', 0, 1, 0, 3, 3, 2, '1992_A'),
(10292, 'ENGLAND & WALES', 0, 0, 0, 3, 1, 3, '1993_A'),
(10293, 'ENGLAND & WALES', 1, 1, 1, 3, 1, 3, '1994_A'),
(10294, 'ITALY', 1, 1, 1, 3, 3, 3, '1996_A'),
(10295, 'ENGLAND & WALES', 0, 0, 0, 3, 1, 4, '1997_A'),
(10296, 'ENGLAND & WALES', 0, 1, 1, 3, 1, 3, '1998_A'),
(10297, 'ESTONIA', 0, 1, 0, 2, 1, 2, '1999_A'),
(10298, 'GREECE', 0, 1, 0, 3, 1, 2, '2000_A'),
(10299, 'ENGLAND & WALES', 0, 0, 1, 3, 2, 3, '2001_A'),
(10300, 'ENGLAND & WALES', 0, 0, 0, 3, 1, 4, '2002_A'),
(10301, 'ESTONIA', 1, 1, 0, 3, 3, 3, '2003_A'),
(10302, 'ESTONIA', 0, 1, 1, 2, 2, 3, '2004_A'),
(10303, 'ITALY', 0, 1, 1, 3, 3, 3, '2005_A'),
(10304, 'ESTONIA', 1, 1, 1, 3, 1, 3, '2006_A'),
(10305, 'ITALY', 1, 1, 1, 3, 3, 3, '2007_A'),
(10306, 'ITALY', 0, 1, 1, 3, 2, 3, '2008_A'),
(10307, 'GREECE', 0, 1, 0, 3, 3, 3, '2009_A'),
(10308, 'ENGLAND & WALES', 1, 0, 0, 3, 1, 4, '2012_A'),
(10309, 'ESTONIA', 1, 0, 1, 3, 3, 2, '2013_A'),
(10310, 'ESTONIA', 0, 1, 0, 3, 1, 4, '2014_A'),
(10311, 'GREECE', 0, 1, 0, 3, 3, 3, '2015_A'),
(10312, 'ESTONIA', 0, 1, 1, 2, 3, 2, '2019_A'),
(10313, 'GERMANY', 1, 1, 0, 3, 1, 3, '2021_A'),
(10314, 'GREECE', 1, 1, 0, 3, 3, 2, '2024_A'),
(10315, 'ENGLAND & WALES', 0, 0, 0, 3, 1, 3, '2026_A'),
(10316, 'ENGLAND & WALES', 0, 0, 0, 3, 1, 4, '2027_A'),
(10317, 'ENGLAND & WALES', 0, 0, 0, 1, 1, 4, '2029_A'),
(10318, 'GREECE', 1, 1, 0, 3, 3, 3, '2032_A'),
(10319, 'ESTONIA', 0, 1, 0, 3, 1, 4, '2034_A'),
(10320, 'ESTONIA', 1, 1, 0, 2, 1, 4, '2036_A'),
(10321, 'LITHUANIA', 1, 1, 0, 1, 1, 1, '2038_A'),
(10322, 'ESTONIA', 1, 1, 1, 3, 3, 4, '2039_A'),
(10323, 'ESTONIA', 0, 0, 0, 3, 1, 3, '2041_A'),
(10324, 'ESTONIA', 1, 1, 1, 3, 1, 3, '2042_A'),
(10325, 'LITHUANIA', 0, 0, 0, 3, 2, 3, '2043_A'),
(10326, 'ITALY', 1, 1, 1, 3, 3, 3, '2044_A'),
(10327, 'ITALY', 1, 1, 1, 3, 3, 2, '2046_A'),
(10328, 'LITHUANIA', 0, 0, 1, 3, 3, 2, '2049_A'),
(10329, 'ESTONIA', 1, 0, 1, 3, 1, 3, '2050_A'),
(10330, 'LITHUANIA', 1, 1, 1, 3, 3, 3, '2051_A'),
(10331, 'LITHUANIA', 0, 0, 0, 3, 3, 4, '2052_A'),
(10332, 'ESTONIA', 0, 1, 1, 3, 1, 3, '2053_A'),
(10333, 'GREECE', 0, 1, 0, 2, 1, 2, '2055_A'),
(10334, 'ESTONIA', 0, 0, 0, 3, 3, 3, '2057_A'),
(10335, 'GREECE', 1, 0, 0, 2, 3, 1, '2058_A'),
(10336, 'ENGLAND & WALES', 1, 1, 0, 2, 1, 3, '2059_A'),
(10337, 'ENGLAND & WALES', 0, 0, 0, 3, 1, 4, '2060_A'),
(10338, 'ENGLAND & WALES', 0, 1, 0, 2, 1, 2, '2061_A'),
(10339, 'ENGLAND & WALES', 0, 0, 1, 3, 1, 2, '2062_A'),
(10340, 'ENGLAND & WALES', 0, 0, 1, 3, 1, 4, '2063_A'),
(10341, 'ENGLAND & WALES', 1, 0, 0, 3, 1, 4, '2064_A'),
(10342, 'ENGLAND & WALES', 0, 1, 1, 3, 1, 4, '2065_A'),
(10343, 'LITHUANIA', 1, 0, 0, 3, 1, 4, '2066_A'),
(10344, 'GREECE', 0, 1, 0, 3, 1, 3, '2067_A'),
(10345, 'LITHUANIA', 1, 1, 1, 3, 3, 3, '2069_A'),
(10346, 'FRANCE', 0, 0, 0, 2, 1, 2, '207_A'),
(10347, 'LITHUANIA', 1, 1, 1, 3, 3, 3, '2070_A'),
(10348, 'HUNGARY', 0, 0, 0, 3, 1, 3, '2071_A'),
(10349, 'LITHUANIA', 1, 1, 1, 3, 2, 3, '2072_A'),
(10350, 'ENGLAND & WALES', 1, 1, 1, 3, 1, 3, '2073_A'),
(10351, 'ENGLAND & WALES', 0, 1, 1, 3, 1, 3, '2075_A'),
(10352, 'ENGLAND & WALES', 1, 1, 0, 3, 1, 4, '2076_A'),
(10353, 'ENGLAND & WALES', 0, 1, 1, 2, 1, 2, '2077_A'),
(10354, 'ENGLAND & WALES', 0, 1, 0, 1, 1, 3, '2078_A'),
(10355, 'ENGLAND & WALES', 0, 0, 0, 2, 1, 3, '2080_A'),
(10356, 'LITHUANIA', 1, 1, 1, 3, 2, 3, '2081_A'),
(10357, 'FINLAND', 1, 1, 1, 3, 1, 3, '2082_A'),
(10358, 'ENGLAND & WALES', 0, 1, 0, 2, 2, 3, '2083_A'),
(10359, 'FINLAND', 1, 1, 0, 3, 1, 4, '2084_A'),
(10360, 'FINLAND', 1, 1, 0, 3, 2, 4, '2085_A'),
(10361, 'FINLAND', 1, 1, 0, 3, 2, 4, '2086_A'),
(10362, 'ENGLAND & WALES', 0, 0, 0, 1, 1, 4, '2088_A'),
(10363, 'ENGLAND & WALES', 0, 1, 0, 2, 1, 3, '2089_A'),
(10364, 'LITHUANIA', 1, 1, 1, 3, 1, 4, '2090_A'),
(10365, 'LITHUANIA', 1, 1, 1, 3, 3, 3, '2092_A'),
(10366, 'GREECE', 0, 1, 0, 3, 2, 3, '2094_A'),
(10367, 'GERMANY', 0, 0, 0, 3, 3, 3, '2096_A'),
(10368, 'LITHUANIA', 1, 1, 0, 3, 1, 2, '2097_A'),
(10369, 'LITHUANIA', 1, 1, 0, 3, 1, 3, '2098_A'),
(10370, 'GERMANY', 1, 1, 0, 3, 1, 3, '2099_A'),
(10371, 'GERMANY', 1, 1, 0, 3, 1, 3, '2100_A'),
(10372, 'GERMANY', 1, 1, 0, 3, 1, 3, '2101_A'),
(10373, 'GERMANY', 1, 1, 0, 3, 1, 3, '2102_A'),
(10374, 'GERMANY', 1, 1, 0, 3, 1, 3, '2103_A'),
(10375, 'GERMANY', 1, 1, 0, 3, 1, 3, '2105_A'),
(10376, 'GERMANY', 1, 1, 0, 3, 1, 3, '2106_A'),
(10377, 'GERMANY', 1, 1, 0, 3, 1, 3, '2107_A'),
(10378, 'GERMANY', 1, 1, 0, 3, 1, 3, '2109_A'),
(10379, 'FRANCE', 1, 1, 0, 3, 2, 3, '211_A'),
(10380, 'GERMANY', 1, 1, 1, 3, 2, 3, '2112_A'),
(10381, 'GERMANY', 1, 1, 0, 3, 1, 3, '2113_A'),
(10382, 'GERMANY', 1, 1, 1, 3, 1, 4, '2115_A'),
(10383, 'GERMANY', 1, 1, 0, 3, 1, 3, '2116_A'),
(10384, 'GERMANY', 1, 1, 0, 3, 1, 3, '2117_A'),
(10385, 'GERMANY', 1, 1, 0, 3, 1, 3, '2118_A'),
(10386, 'GERMANY', 1, 1, 1, 3, 1, 4, '2119_A'),
(10387, 'FRANCE', 1, 1, 0, 1, 1, 3, '212_A'),
(10388, 'GERMANY', 1, 1, 0, 3, 1, 3, '2120_A'),
(10389, 'GERMANY', 1, 1, 1, 3, 1, 3, '2121_A'),
(10390, 'GERMANY', 1, 1, 1, 3, 1, 3, '2123_A'),
(10391, 'GERMANY', 1, 1, 0, 3, 1, 2, '2124_A'),
(10392, 'GERMANY', 1, 1, 0, 3, 1, 3, '2125_A'),
(10393, 'GERMANY', 1, 1, 0, 3, 2, 3, '2126_A'),
(10394, 'ENGLAND & WALES', 1, 1, 0, 1, 1, 3, '2127_A'),
(10395, 'GERMANY', 1, 1, 1, 3, 1, 2, '2129_A'),
(10396, 'FRANCE', 1, 0, 1, 3, 3, 2, '213_A'),
(10397, 'GERMANY', 1, 1, 1, 3, 2, 3, '2130_A'),
(10398, 'GERMANY', 1, 1, 0, 3, 2, 3, '2131_A'),
(10399, 'GERMANY', 1, 1, 0, 3, 1, 3, '2132_A'),
(10400, 'ENGLAND & WALES', 0, 1, 0, 1, 1, 3, '2133_A'),
(10401, 'GERMANY', 1, 1, 0, 3, 1, 3, '2134_A'),
(10402, 'GERMANY', 1, 1, 0, 3, 1, 4, '2135_A'),
(10403, 'GERMANY', 1, 1, 0, 3, 1, 1, '2138_A'),
(10404, 'GERMANY', 1, 1, 0, 3, 1, 4, '2139_A'),
(10405, 'GERMANY', 1, 1, 0, 3, 2, 3, '2140_A'),
(10406, 'GERMANY', 1, 1, 0, 3, 1, 3, '2142_A'),
(10407, 'GERMANY', 1, 1, 0, 3, 1, 3, '2144_A'),
(10408, 'GERMANY', 1, 1, 1, 3, 1, 3, '2148_A'),
(10409, 'ITALY', 0, 1, 1, 3, 2, 3, '2149_A'),
(10410, 'FRANCE', 1, 0, 0, 3, 1, 4, '215_A'),
(10411, 'ENGLAND & WALES', 0, 1, 0, 1, 1, 3, '2150_A'),
(10412, 'LITHUANIA', 1, 1, 0, 3, 1, 4, '2151_A'),
(10413, 'ENGLAND & WALES', 1, 0, 1, 3, 2, 4, '2153_A'),
(10414, 'ENGLAND & WALES', 0, 1, 0, 2, 1, 3, '2156_A'),
(10415, 'ENGLAND & WALES', 1, 1, 0, 2, 1, 3, '2157_A'),
(10416, 'ITALY', 1, 1, 0, 3, 1, 3, '2160_A'),
(10417, 'GREECE', 0, 1, 0, 3, 3, 3, '2162_A'),
(10418, 'GERMANY', 0, 0, 0, 3, 1, 3, '2164_A'),
(10419, 'GREECE', 0, 0, 0, 3, 3, 2, '2165_A'),
(10420, 'GERMANY', 0, 0, 0, 3, 1, 3, '2168_A'),
(10421, 'GERMANY', 0, 0, 0, 3, 1, 3, '2169_A'),
(10422, 'GERMANY', 0, 0, 0, 3, 1, 3, '2170_A'),
(10423, 'ESTONIA', 0, 0, 0, 3, 2, 3, '2171_A'),
(10424, 'ESTONIA', 0, 1, 0, 3, 1, 4, '2172_A'),
(10425, 'ESTONIA', 0, 0, 0, 3, 1, 3, '2174_A'),
(10426, 'ESTONIA', 1, 0, 0, 3, 1, 4, '2175_A'),
(10427, 'ESTONIA', 0, 0, 0, 1, 1, 2, '2176_A'),
(10428, 'ITALY', 0, 1, 1, 3, 1, 2, '2178_A'),
(10429, 'FRANCE', 0, 0, 0, 3, 2, 3, '218_A'),
(10430, 'ENGLAND & WALES', 0, 1, 1, 2, 1, 4, '2180_A'),
(10431, 'ENGLAND & WALES', 0, 1, 0, 3, 1, 4, '2181_A'),
(10432, 'ITALY', 1, 1, 1, 3, 3, 2, '2183_A'),
(10433, 'ESTONIA', 0, 1, 0, 3, 1, 2, '2184_A'),
(10434, 'ENGLAND & WALES', 1, 1, 1, 3, 1, 4, '2185_A'),
(10435, 'GREECE', 0, 1, 0, 3, 3, 3, '2186_A'),
(10436, 'ESTONIA', 0, 1, 0, 3, 1, 3, '2187_A'),
(10437, 'ESTONIA', 0, 1, 1, 3, 2, 3, '2188_A'),
(10438, 'FRANCE', 0, 1, 1, 2, 1, 2, '219_A'),
(10439, 'ESTONIA', 1, 1, 0, 3, 1, 4, '2190_A'),
(10440, 'ESTONIA', 1, 1, 0, 3, 1, 3, '2191_A'),
(10441, 'ESTONIA', 0, 1, 0, 3, 3, 1, '2192_A'),
(10442, 'ESTONIA', 1, 1, 0, 3, 2, 3, '2193_A'),
(10443, 'GERMANY', 1, 1, 0, 3, 2, 2, '2194_A'),
(10444, 'GERMANY', 1, 1, 0, 2, 2, 2, '2196_A'),
(10445, 'ITALY', 0, 1, 1, 3, 3, 3, '2198_A'),
(10446, 'ITALY', 0, 1, 1, 3, 3, 3, '2199_A'),
(10447, 'FRANCE', 0, 0, 0, 3, 1, 4, '220_A'),
(10448, 'GREECE', 0, 1, 1, 3, 3, 3, '2200_A'),
(10449, 'GREECE', 0, 1, 0, 3, 2, 3, '2201_A'),
(10450, 'GREECE', 0, 1, 1, 3, 2, 4, '2202_A'),
(10451, 'ESTONIA', 0, 1, 0, 3, 1, 4, '2203_A'),
(10452, 'GREECE', 0, 1, 1, 3, 3, 2, '2204_A'),
(10453, 'ESTONIA', 0, 1, 0, 2, 1, 3, '2205_A'),
(10454, 'ESTONIA', 0, 0, 0, 3, 1, 2, '2207_A'),
(10455, 'LITHUANIA', 1, 1, 0, 3, 2, 2, '2209_A'),
(10456, 'FRANCE', 0, 0, 0, 3, 1, 4, '221_A'),
(10457, 'LITHUANIA', 1, 1, 1, 3, 1, 3, '2210_A'),
(10458, 'ESTONIA', 1, 1, 0, 3, 2, 3, '2211_A'),
(10459, 'LITHUANIA', 1, 0, 0, 3, 1, 3, '2213_A'),
(10460, 'ITALY', 1, 1, 1, 2, 2, 2, '2214_A'),
(10461, 'ESTONIA', 0, 0, 0, 3, 1, 3, '2215_A'),
(10462, 'LITHUANIA', 1, 1, 0, 3, 1, 2, '2217_A'),
(10463, 'ESTONIA', 1, 1, 0, 2, 1, 3, '2219_A'),
(10464, 'ITALY', 0, 1, 1, 3, 2, 3, '2227_A'),
(10465, 'ITALY', 1, 1, 0, 3, 1, 3, '2229_A'),
(10466, 'FRANCE', 0, 0, 0, 3, 1, 4, '223_A'),
(10467, 'ESTONIA', 0, 1, 0, 2, 1, 2, '2230_A'),
(10468, 'ITALY', 0, 0, 0, 2, 2, 1, '2232_A'),
(10469, 'ITALY', 0, 0, 1, 3, 1, 4, '2233_A'),
(10470, 'ESTONIA', 1, 1, 0, 3, 3, 2, '2234_A'),
(10471, 'GREECE', 0, 1, 0, 3, 2, 1, '2236_A'),
(10472, 'ESTONIA', 1, 1, 0, 3, 1, 3, '2237_A'),
(10473, 'DENMARK', 1, 1, 0, 3, 1, 3, '2239_A'),
(10474, 'ESTONIA', 1, 0, 0, 3, 1, 4, '2240_A'),
(10475, 'DENMARK', 1, 1, 0, 3, 1, 3, '2241_A'),
(10476, 'ESTONIA', 1, 1, 0, 3, 3, 2, '2242_A'),
(10477, 'LITHUANIA', 1, 0, 0, 3, 1, 4, '2243_A'),
(10478, 'LITHUANIA', 1, 0, 0, 1, 1, 3, '2246_A'),
(10479, 'FRANCE', 1, 0, 0, 3, 2, 3, '225_A'),
(10480, 'GREECE', 0, 0, 0, 3, 2, 3, '2252_A'),
(10481, 'ITALY', 0, 1, 1, 3, 2, 3, '2255_A'),
(10482, 'GREECE', 1, 1, 0, 3, 2, 2, '2256_A'),
(10483, 'ITALY', 1, 1, 1, 2, 2, 2, '2258_A'),
(10484, 'ITALY', 0, 1, 1, 3, 3, 3, '2259_A'),
(10485, 'FRANCE', 0, 1, 0, 3, 2, 3, '226_A'),
(10486, 'ITALY', 1, 0, 0, 3, 3, 4, '2260_A'),
(10487, 'ITALY', 0, 0, 0, 3, 3, 1, '2261_A'),
(10488, 'GREECE', 1, 1, 0, 3, 3, 2, '2263_A'),
(10489, 'ITALY', 0, 0, 0, 2, 3, 1, '2264_A'),
(10490, 'GREECE', 0, 1, 0, 3, 2, 3, '2265_A'),
(10491, 'ITALY', 0, 1, 1, 3, 3, 3, '2266_A'),
(10492, 'ITALY', 1, 1, 1, 3, 3, 3, '2267_A'),
(10493, 'FRANCE', 0, 1, 0, 3, 2, 3, '227_A'),
(10494, 'GREECE', 0, 0, 0, 3, 1, 3, '2272_A'),
(10495, 'GREECE', 0, 1, 0, 3, 2, 2, '2273_A'),
(10496, 'LITHUANIA', 1, 0, 0, 3, 1, 4, '2279_A'),
(10497, 'FRANCE', 0, 1, 1, 3, 1, 4, '228_A'),
(10498, 'LITHUANIA', 1, 0, 0, 3, 1, 4, '2280_A'),
(10499, 'ITALY', 0, 0, 1, 3, 1, 4, '2283_A'),
(10500, 'GERMANY', 1, 0, 0, 3, 1, 4, '2286_A'),
(10501, 'GERMANY', 1, 0, 0, 3, 1, 4, '2287_A'),
(10502, 'GERMANY', 0, 0, 0, 1, 1, 2, '2288_A'),
(10503, 'ITALY', 1, 0, 1, 3, 3, 3, '2289_A'),
(10504, 'FRANCE', 0, 0, 0, 3, 1, 3, '229_A'),
(10505, 'ITALY', 0, 0, 0, 1, 1, 2, '2291_A'),
(10506, 'ESTONIA', 1, 1, 0, 3, 1, 2, '2292_A'),
(10507, 'ESTONIA', 0, 1, 0, 3, 3, 3, '2293_A'),
(10508, 'GREECE', 0, 0, 0, 2, 1, 2, '2294_A'),
(10509, 'ESTONIA', 1, 0, 0, 3, 1, 4, '2295_A'),
(10510, 'ESTONIA', 0, 1, 1, 3, 1, 4, '2296_A'),
(10511, 'LITHUANIA', 1, 1, 1, 3, 3, 3, '2297_A'),
(10512, 'ESTONIA', 0, 1, 0, 3, 3, 4, '2298_A'),
(10513, 'ESTONIA', 0, 1, 0, 3, 1, 3, '2299_A'),
(10514, 'FRANCE', 0, 1, 0, 2, 1, 3, '230_A'),
(10515, 'GREECE', 1, 1, 0, 3, 1, 3, '2301_A'),
(10516, 'ESTONIA', 0, 1, 0, 3, 3, 2, '2302_A'),
(10517, 'ESTONIA', 0, 1, 0, 3, 3, 2, '2303_A'),
(10518, 'LITHUANIA', 1, 1, 0, 3, 3, 3, '2304_A'),
(10519, 'ESTONIA', 1, 0, 0, 3, 2, 2, '2307_A'),
(10520, 'LITHUANIA', 1, 1, 0, 3, 3, 1, '2309_A'),
(10521, 'FRANCE', 0, 1, 0, 3, 1, 3, '231_A'),
(10522, 'ESTONIA', 0, 1, 0, 3, 2, 4, '2310_A'),
(10523, 'ESTONIA', 0, 1, 0, 3, 3, 3, '2311_A'),
(10524, 'LITHUANIA', 1, 1, 1, 3, 1, 2, '2312_A');

-- --------------------------------------------------------

--
-- Structure de la table `BEEKEEPER_EXPERIENCE`
--

CREATE TABLE `BEEKEEPER_EXPERIENCE` (
  `id_Beekeep_for` bigint(20) UNSIGNED NOT NULL,
  `Beekeep_for` varchar(40) NOT NULL
) ENGINE=InnoDB DEFAULT CHARSET=utf8;

--
-- Contenu de la table `BEEKEEPER_EXPERIENCE`
--

INSERT INTO `BEEKEEPER_EXPERIENCE` (`id_Beekeep_for`, `Beekeep_for`) VALUES
(1, 'Less than 2 years'),
(2, '2-5 years'),
(3, 'More than 5 years');

-- --------------------------------------------------------

--
-- Structure de la table `BEE_POPULATION`
--

CREATE TABLE `BEE_POPULATION` (
  `id_Population` bigint(20) UNSIGNED NOT NULL,
  `Chronic_Depopulation` tinyint(1) NOT NULL,
  `Bee_population_size` int(20) NOT NULL,
  `Winter_mortality_class` int(20) NOT NULL,
  `FK_Breed` bigint(20) UNSIGNED NOT NULL,
  `FK_Beekeeper` bigint(20) UNSIGNED NOT NULL
) ENGINE=InnoDB DEFAULT CHARSET=utf8;

--
-- Contenu de la table `BEE_POPULATION`
--

INSERT INTO `BEE_POPULATION` (`id_Population`, `Chronic_Depopulation`, `Bee_population_size`, `Winter_mortality_class`, `FK_Breed`, `FK_Beekeeper`) VALUES
(1, 0, 1, 5, 1, 9525),
(2, 0, 1, 5, 1, 9526),
(3, 1, 2, 1, 2, 9527),
(4, 0, 1, 1, 3, 9528),
(5, 0, 1, 5, 3, 9529),
(6, 0, 1, 4, 3, 9530),
(7, 0, 5, 2, 3, 9531),
(8, 0, 1, 1, 3, 9532),
(9, 0, 2, 1, 3, 9533),
(10, 0, 1, 4, 3, 9534),
(11, 0, 1, 5, 3, 9535),
(12, 0, 6, 2, 2, 9536),
(13, 0, 1, 1, 3, 9537),
(14, 0, 1, 3, 3, 9538),
(15, 0, 1, 1, 3, 9539),
(16, 0, 2, 1, 3, 9540),
(17, 1, 1, 6, 3, 9541),
(18, 0, 2, 4, 3, 9542),
(19, 0, 1, 1, 3, 9543),
(20, 0, 3, 1, 3, 9544),
(21, 0, 1, 6, 3, 9545),
(22, 1, 1, 3, 2, 9546),
(23, 1, 1, 1, 3, 9547),
(24, 0, 1, 5, 3, 9548),
(25, 1, 1, 1, 2, 9549),
(26, 0, 2, 1, 1, 9550),
(27, 0, 1, 3, 1, 9551),
(28, 0, 1, 5, 4, 9552),
(29, 0, 1, 5, 5, 9553),
(30, 0, 1, 1, 5, 9554),
(31, 0, 1, 4, 1, 9555),
(32, 0, 1, 4, 5, 9556),
(33, 0, 1, 6, 1, 9557),
(34, 0, 1, 1, 1, 9558),
(35, 0, 1, 1, 1, 9559),
(36, 0, 1, 1, 1, 9560),
(37, 1, 1, 4, 2, 9561),
(38, 0, 1, 5, 5, 9562),
(39, 0, 2, 5, 5, 9563),
(40, 0, 1, 5, 1, 9564),
(41, 0, 2, 5, 1, 9565),
(42, 0, 4, 5, 1, 9566),
(43, 0, 1, 4, 1, 9567),
(44, 0, 1, 5, 6, 9568),
(45, 0, 1, 4, 1, 9569),
(46, 0, 1, 1, 2, 9570),
(47, 0, 2, 1, 1, 9571),
(48, 0, 1, 6, 1, 9572),
(49, 0, 1, 1, 1, 9573),
(50, 0, 1, 1, 1, 9574),
(51, 0, 6, 1, 1, 9575),
(52, 0, 3, 1, 1, 9576),
(53, 0, 1, 3, 1, 9577),
(54, 0, 1, 1, 3, 9578),
(55, 1, 6, 1, 2, 9579),
(56, 0, 1, 5, 3, 9580),
(57, 1, 1, 5, 3, 9581),
(58, 1, 3, 4, 7, 9582),
(59, 0, 1, 1, 4, 9583),
(60, 0, 1, 6, 4, 9584),
(61, 0, 5, 1, 1, 9585),
(62, 0, 1, 5, 6, 9586),
(63, 0, 1, 5, 3, 9587),
(64, 0, 1, 1, 3, 9588),
(65, 0, 1, 3, 3, 9589),
(66, 0, 1, 1, 3, 9590),
(67, 0, 1, 1, 5, 9591),
(68, 0, 1, 1, 3, 9592),
(69, 0, 2, 2, 3, 9593),
(70, 0, 1, 2, 3, 9594),
(71, 1, 1, 5, 3, 9595),
(72, 0, 1, 3, 3, 9596),
(73, 0, 1, 4, 3, 9597),
(74, 0, 1, 1, 1, 9598),
(75, 0, 1, 1, 3, 9599),
(76, 0, 2, 4, 3, 9600),
(77, 0, 1, 1, 7, 9601),
(78, 0, 1, 1, 3, 9602),
(79, 0, 1, 1, 3, 9603),
(80, 0, 1, 1, 1, 9604),
(81, 0, 1, 1, 3, 9605),
(82, 0, 1, 5, 3, 9606),
(83, 0, 1, 1, 3, 9607),
(84, 0, 1, 4, 3, 9608),
(85, 0, 1, 1, 3, 9609),
(86, 0, 1, 4, 7, 9610),
(87, 0, 1, 1, 3, 9611),
(88, 0, 1, 4, 3, 9612),
(89, 0, 1, 5, 3, 9613),
(90, 0, 1, 1, 3, 9614),
(91, 0, 1, 3, 3, 9615),
(92, 0, 1, 1, 7, 9616),
(93, 0, 2, 1, 3, 9617),
(94, 0, 1, 4, 3, 9618),
(95, 0, 2, 1, 3, 9619),
(96, 0, 2, 1, 7, 9620),
(97, 0, 2, 1, 7, 9621),
(98, 0, 1, 3, 7, 9622),
(99, 0, 2, 1, 3, 9623),
(100, 0, 1, 6, 3, 9624),
(101, 0, 1, 5, 4, 9625),
(102, 0, 2, 1, 1, 9626),
(103, 0, 2, 1, 7, 9627),
(104, 0, 1, 5, 3, 9628),
(105, 0, 1, 1, 3, 9629),
(106, 0, 1, 4, 7, 9630),
(107, 0, 1, 1, 4, 9631),
(108, 0, 1, 1, 3, 9632),
(109, 0, 1, 3, 3, 9633),
(110, 0, 1, 4, 3, 9634),
(111, 0, 1, 5, 3, 9635),
(112, 0, 1, 2, 3, 9636),
(113, 0, 2, 1, 7, 9637),
(114, 0, 1, 1, 3, 9638),
(115, 0, 1, 2, 3, 9639),
(116, 0, 2, 4, 7, 9640),
(117, 0, 4, 1, 7, 9641),
(118, 0, 2, 3, 2, 9642),
(119, 0, 1, 5, 3, 9643),
(120, 0, 1, 1, 4, 9644),
(121, 0, 1, 1, 3, 9645),
(122, 0, 1, 5, 3, 9646),
(123, 0, 5, 1, 7, 9647),
(124, 0, 1, 5, 3, 9648),
(125, 0, 3, 1, 7, 9649),
(126, 0, 1, 3, 3, 9650),
(127, 0, 1, 5, 3, 9651),
(128, 0, 1, 5, 3, 9652),
(129, 0, 2, 1, 7, 9653),
(130, 0, 1, 1, 3, 9654),
(131, 0, 1, 1, 4, 9655),
(132, 1, 1, 1, 4, 9656),
(133, 0, 1, 4, 3, 9657),
(134, 0, 2, 1, 3, 9658),
(135, 0, 1, 4, 3, 9659),
(136, 0, 1, 5, 3, 9660),
(137, 0, 1, 1, 6, 9661),
(138, 0, 1, 1, 4, 9662),
(139, 0, 1, 5, 4, 9663),
(140, 0, 2, 1, 7, 9664),
(141, 0, 1, 1, 7, 9665),
(142, 1, 1, 3, 3, 9666),
(143, 0, 1, 3, 3, 9667),
(144, 0, 2, 5, 3, 9668),
(145, 0, 1, 3, 3, 9669),
(146, 0, 1, 4, 1, 9670),
(147, 0, 2, 1, 4, 9671),
(148, 0, 1, 1, 4, 9672),
(149, 0, 2, 5, 7, 9673),
(150, 0, 2, 6, 3, 9674),
(151, 0, 2, 3, 3, 9675),
(152, 0, 1, 5, 3, 9676),
(153, 0, 1, 1, 7, 9677),
(154, 0, 1, 5, 7, 9678),
(155, 0, 3, 1, 7, 9679),
(156, 1, 1, 5, 3, 9680),
(157, 0, 1, 1, 6, 9681),
(158, 1, 1, 5, 3, 9682),
(159, 0, 1, 5, 6, 9683),
(160, 0, 1, 4, 6, 9684),
(161, 0, 3, 6, 1, 9685),
(162, 0, 1, 1, 6, 9686),
(163, 0, 1, 1, 6, 9687),
(164, 0, 2, 1, 6, 9688),
(165, 0, 1, 2, 1, 9689),
(166, 0, 2, 5, 6, 9690),
(167, 0, 1, 5, 4, 9691),
(168, 0, 2, 5, 4, 9692),
(169, 0, 1, 5, 6, 9693),
(170, 0, 2, 1, 4, 9694),
(171, 0, 1, 4, 6, 9695),
(172, 0, 1, 5, 3, 9696),
(173, 0, 1, 5, 4, 9697),
(174, 0, 1, 5, 6, 9698),
(175, 0, 1, 1, 3, 9699),
(176, 1, 1, 3, 3, 9700),
(177, 0, 1, 1, 4, 9701),
(178, 0, 2, 5, 3, 9702),
(179, 0, 4, 3, 7, 9703),
(180, 0, 2, 5, 4, 9704),
(181, 0, 4, 1, 2, 9705),
(182, 0, 1, 2, 3, 9706),
(183, 0, 1, 5, 4, 9707),
(184, 0, 1, 1, 7, 9708),
(185, 0, 1, 1, 4, 9709),
(186, 0, 1, 1, 7, 9710),
(187, 0, 1, 1, 2, 9711),
(188, 0, 1, 5, 3, 9712),
(189, 0, 3, 5, 7, 9713),
(190, 0, 1, 1, 4, 9714),
(191, 0, 1, 1, 3, 9715),
(192, 0, 1, 6, 4, 9716),
(193, 0, 1, 5, 5, 9717),
(194, 0, 1, 1, 5, 9718),
(195, 0, 1, 1, 1, 9719),
(196, 0, 1, 1, 5, 9720),
(197, 0, 1, 3, 4, 9721),
(198, 0, 1, 1, 7, 9722),
(199, 0, 3, 4, 7, 9723),
(200, 0, 3, 4, 1, 9724),
(201, 0, 1, 4, 1, 9725),
(202, 0, 1, 5, 3, 9726),
(203, 0, 1, 4, 5, 9727),
(204, 0, 6, 2, 1, 9728),
(205, 0, 1, 1, 4, 9729),
(206, 0, 2, 2, 3, 9730),
(207, 1, 1, 6, 4, 9731),
(208, 0, 1, 5, 4, 9732),
(209, 0, 1, 1, 4, 9733),
(210, 0, 1, 1, 3, 9734),
(211, 0, 1, 3, 1, 9735),
(212, 0, 4, 6, 3, 9736),
(213, 0, 1, 1, 7, 9737),
(214, 0, 5, 1, 1, 9738),
(215, 0, 2, 1, 4, 9739),
(216, 0, 2, 4, 1, 9740),
(217, 0, 1, 1, 1, 9741),
(218, 0, 1, 3, 3, 9742),
(219, 0, 1, 5, 7, 9743),
(220, 0, 1, 3, 4, 9744),
(221, 0, 5, 5, 1, 9745),
(222, 0, 1, 1, 6, 9746),
(223, 0, 1, 1, 5, 9747),
(224, 1, 1, 5, 7, 9748),
(225, 0, 1, 1, 5, 9749),
(226, 0, 3, 4, 3, 9750),
(227, 1, 6, 4, 7, 9751),
(228, 1, 1, 1, 5, 9752),
(229, 0, 1, 5, 3, 9753),
(230, 0, 1, 4, 3, 9754),
(231, 0, 2, 1, 5, 9755),
(232, 0, 2, 6, 4, 9756),
(233, 1, 1, 4, 3, 9757),
(234, 1, 5, 1, 1, 9758),
(235, 0, 1, 3, 4, 9759),
(236, 0, 1, 1, 4, 9760),
(237, 0, 1, 5, 6, 9761),
(238, 0, 1, 1, 4, 9762),
(239, 0, 1, 6, 6, 9763),
(240, 0, 5, 1, 6, 9764),
(241, 0, 1, 5, 4, 9765),
(242, 0, 1, 1, 5, 9766),
(243, 0, 3, 1, 4, 9767),
(244, 0, 1, 1, 5, 9768),
(245, 0, 1, 1, 7, 9769),
(246, 0, 1, 1, 6, 9770),
(247, 0, 1, 4, 3, 9771),
(248, 0, 1, 5, 5, 9772),
(249, 0, 1, 1, 6, 9773),
(250, 0, 1, 5, 4, 9774),
(251, 0, 1, 4, 6, 9775),
(252, 1, 1, 3, 3, 9776),
(253, 1, 4, 6, 5, 9777),
(254, 0, 1, 1, 7, 9778),
(255, 0, 2, 4, 3, 9779),
(256, 0, 1, 1, 6, 9780),
(257, 0, 1, 5, 3, 9781),
(258, 0, 1, 5, 6, 9782),
(259, 0, 1, 5, 3, 9783),
(260, 0, 2, 1, 6, 9784),
(261, 0, 1, 1, 6, 9785),
(262, 0, 2, 5, 6, 9786),
(263, 0, 1, 1, 6, 9787),
(264, 0, 1, 1, 6, 9788),
(265, 0, 1, 1, 3, 9789),
(266, 0, 1, 4, 6, 9790),
(267, 0, 1, 5, 6, 9791),
(268, 0, 1, 6, 6, 9792),
(269, 0, 1, 6, 6, 9793),
(270, 0, 2, 6, 6, 9794),
(271, 1, 1, 1, 3, 9795),
(272, 0, 1, 5, 5, 9796),
(273, 0, 1, 4, 6, 9797),
(274, 0, 2, 3, 3, 9798),
(275, 0, 1, 5, 3, 9799),
(276, 0, 1, 4, 4, 9800),
(277, 0, 1, 1, 6, 9801),
(278, 0, 1, 6, 4, 9802),
(279, 0, 1, 5, 3, 9803),
(280, 0, 2, 1, 6, 9804),
(281, 0, 1, 1, 4, 9805),
(282, 0, 1, 5, 6, 9806),
(283, 0, 1, 5, 6, 9807),
(284, 0, 1, 4, 6, 9808),
(285, 0, 1, 5, 6, 9809),
(286, 0, 1, 1, 4, 9810),
(287, 0, 1, 1, 4, 9811),
(288, 0, 1, 5, 4, 9812),
(289, 0, 1, 1, 3, 9813),
(290, 0, 5, 1, 3, 9814),
(291, 0, 1, 5, 3, 9815),
(292, 0, 1, 4, 5, 9816),
(293, 0, 1, 6, 3, 9817),
(294, 0, 1, 1, 1, 9818),
(295, 0, 1, 1, 3, 9819),
(296, 0, 1, 6, 5, 9820),
(297, 0, 1, 1, 7, 9821),
(298, 0, 1, 1, 4, 9822),
(299, 0, 1, 5, 3, 9823),
(300, 0, 1, 1, 3, 9824),
(301, 0, 1, 6, 3, 9825),
(302, 0, 1, 1, 3, 9826),
(303, 0, 1, 6, 3, 9827),
(304, 1, 1, 5, 3, 9828),
(305, 0, 3, 1, 3, 9829),
(306, 0, 1, 1, 3, 9830),
(307, 0, 1, 1, 3, 9831),
(308, 0, 1, 1, 3, 9832),
(309, 0, 1, 5, 3, 9833),
(310, 0, 1, 1, 3, 9834),
(311, 0, 1, 1, 3, 9835),
(312, 0, 1, 5, 3, 9836),
(313, 0, 1, 5, 5, 9837),
(314, 1, 2, 1, 4, 9838),
(315, 0, 1, 5, 3, 9839),
(316, 0, 1, 4, 3, 9840),
(317, 0, 6, 1, 7, 9841),
(318, 0, 1, 6, 7, 9842),
(319, 0, 1, 6, 5, 9843),
(320, 0, 5, 1, 3, 9844),
(321, 0, 1, 4, 7, 9845),
(322, 0, 1, 1, 7, 9846),
(323, 0, 1, 5, 7, 9847),
(324, 0, 1, 1, 7, 9848),
(325, 0, 1, 6, 7, 9849),
(326, 0, 1, 1, 7, 9850),
(327, 0, 6, 1, 6, 9851),
(328, 0, 1, 1, 7, 9852),
(329, 0, 4, 1, 7, 9853),
(330, 0, 1, 5, 7, 9854),
(331, 0, 2, 1, 7, 9855),
(332, 0, 2, 4, 7, 9856),
(333, 0, 2, 6, 7, 9857),
(334, 0, 1, 5, 7, 9858),
(335, 0, 1, 5, 7, 9859),
(336, 0, 3, 5, 7, 9860),
(337, 0, 1, 1, 7, 9861),
(338, 0, 2, 2, 3, 9862),
(339, 0, 1, 5, 3, 9863),
(340, 1, 6, 4, 3, 9864),
(341, 0, 1, 3, 6, 9865),
(342, 0, 1, 1, 7, 9866),
(343, 0, 5, 4, 3, 9867),
(344, 1, 1, 3, 3, 9868),
(345, 0, 5, 4, 6, 9869),
(346, 0, 2, 3, 1, 9870),
(347, 0, 1, 4, 6, 9871),
(348, 1, 1, 6, 3, 9872),
(349, 0, 5, 1, 7, 9873),
(350, 0, 1, 5, 3, 9874),
(351, 0, 2, 1, 7, 9875),
(352, 0, 1, 1, 3, 9876),
(353, 1, 2, 1, 1, 9877),
(354, 0, 1, 1, 3, 9878),
(355, 0, 1, 4, 5, 9879),
(356, 0, 1, 6, 3, 9880),
(357, 0, 1, 1, 7, 9881),
(358, 0, 2, 1, 6, 9882),
(359, 1, 1, 6, 3, 9883),
(360, 0, 1, 1, 6, 9884),
(361, 0, 1, 1, 3, 9885),
(362, 0, 1, 1, 3, 9886),
(363, 0, 1, 1, 2, 9887),
(364, 0, 1, 5, 3, 9888),
(365, 0, 1, 4, 6, 9889),
(366, 0, 1, 1, 6, 9890),
(367, 0, 1, 5, 6, 9891),
(368, 0, 1, 4, 3, 9892),
(369, 0, 1, 1, 2, 9893),
(370, 0, 1, 3, 6, 9894),
(371, 0, 1, 5, 3, 9895),
(372, 1, 1, 5, 3, 9896),
(373, 0, 1, 1, 3, 9897),
(374, 0, 1, 4, 4, 9898),
(375, 0, 1, 6, 3, 9899),
(376, 1, 1, 6, 3, 9900),
(377, 0, 1, 1, 5, 9901),
(378, 1, 1, 6, 3, 9902),
(379, 0, 1, 5, 3, 9903),
(380, 0, 1, 1, 6, 9904),
(381, 0, 1, 6, 3, 9905),
(382, 0, 1, 3, 3, 9906),
(383, 0, 1, 1, 3, 9907),
(384, 0, 1, 1, 4, 9908),
(385, 0, 2, 2, 4, 9909),
(386, 0, 1, 4, 3, 9910),
(387, 0, 3, 3, 3, 9911),
(388, 0, 1, 1, 6, 9912),
(389, 0, 2, 3, 3, 9913),
(390, 0, 1, 5, 4, 9914),
(391, 0, 1, 1, 7, 9915),
(392, 0, 1, 1, 4, 9916),
(393, 0, 2, 1, 3, 9917),
(394, 1, 1, 5, 3, 9918),
(395, 0, 1, 6, 3, 9919),
(396, 0, 1, 1, 3, 9920),
(397, 0, 1, 5, 3, 9921),
(398, 0, 1, 1, 3, 9922),
(399, 0, 1, 4, 3, 9923),
(400, 0, 1, 4, 3, 9924),
(401, 1, 2, 1, 3, 9925),
(402, 0, 1, 5, 3, 9926),
(403, 1, 1, 5, 6, 9927),
(404, 0, 1, 4, 6, 9928),
(405, 0, 1, 3, 3, 9929),
(406, 0, 3, 3, 7, 9930),
(407, 0, 1, 4, 6, 9931),
(408, 0, 1, 1, 3, 9932),
(409, 0, 1, 1, 6, 9933),
(410, 0, 1, 1, 6, 9934),
(411, 0, 1, 3, 3, 9935),
(412, 0, 1, 1, 6, 9936),
(413, 0, 1, 1, 3, 9937),
(414, 0, 1, 5, 6, 9938),
(415, 0, 1, 3, 6, 9939),
(416, 0, 1, 1, 3, 9940),
(417, 0, 1, 1, 4, 9941),
(418, 0, 1, 1, 3, 9942),
(419, 0, 1, 1, 3, 9943),
(420, 0, 1, 5, 3, 9944),
(421, 0, 1, 5, 6, 9945),
(422, 0, 1, 6, 3, 9946),
(423, 1, 3, 6, 3, 9947),
(424, 0, 6, 3, 7, 9948),
(425, 1, 2, 5, 3, 9949),
(426, 0, 1, 4, 3, 9950),
(427, 0, 1, 1, 6, 9951),
(428, 0, 1, 6, 6, 9952),
(429, 0, 1, 1, 6, 9953),
(430, 0, 2, 1, 4, 9954),
(431, 0, 1, 1, 3, 9955),
(432, 0, 2, 1, 7, 9956),
(433, 0, 2, 1, 7, 9957),
(434, 0, 1, 1, 7, 9958),
(435, 0, 1, 1, 7, 9959),
(436, 0, 1, 1, 7, 9960),
(437, 0, 1, 1, 7, 9961),
(438, 0, 1, 1, 7, 9962),
(439, 0, 1, 6, 4, 9963),
(440, 0, 2, 4, 4, 9964),
(441, 0, 1, 4, 4, 9965),
(442, 0, 1, 1, 7, 9966),
(443, 0, 1, 1, 3, 9967),
(444, 0, 1, 2, 4, 9968),
(445, 0, 1, 1, 6, 9969),
(446, 0, 6, 5, 3, 9970),
(447, 0, 1, 5, 4, 9971),
(448, 0, 1, 6, 4, 9972),
(449, 0, 1, 3, 4, 9973),
(450, 0, 5, 1, 6, 9974),
(451, 0, 1, 5, 3, 9975),
(452, 0, 6, 1, 6, 9976),
(453, 0, 2, 3, 3, 9977),
(454, 0, 1, 5, 3, 9978),
(455, 0, 2, 3, 5, 9979),
(456, 0, 5, 1, 7, 9980),
(457, 1, 1, 1, 4, 9981),
(458, 0, 1, 4, 3, 9982),
(459, 0, 1, 5, 4, 9983),
(460, 0, 1, 5, 3, 9984),
(461, 0, 2, 5, 3, 9985),
(462, 0, 6, 1, 3, 9986),
(463, 0, 3, 1, 3, 9987),
(464, 0, 5, 3, 6, 9988),
(465, 0, 6, 1, 6, 9989),
(466, 0, 1, 3, 3, 9990),
(467, 0, 1, 1, 7, 9991),
(468, 0, 4, 2, 1, 9992),
(469, 0, 1, 6, 4, 9993),
(470, 0, 1, 1, 3, 9994),
(471, 0, 1, 1, 6, 9995),
(472, 1, 6, 1, 1, 9996),
(473, 0, 1, 1, 3, 9997),
(474, 0, 1, 4, 4, 9998),
(475, 0, 6, 3, 1, 9999),
(476, 1, 6, 1, 1, 10000),
(477, 0, 1, 5, 3, 10001),
(478, 0, 2, 3, 3, 10002),
(479, 0, 1, 5, 4, 10003),
(480, 0, 4, 1, 6, 10004),
(481, 0, 1, 4, 4, 10005),
(482, 0, 2, 1, 3, 10006),
(483, 0, 1, 1, 3, 10007),
(484, 0, 1, 1, 3, 10008),
(485, 0, 1, 1, 3, 10009),
(486, 0, 1, 1, 3, 10010),
(487, 0, 1, 1, 6, 10011),
(488, 0, 1, 1, 7, 10012),
(489, 0, 1, 5, 3, 10013),
(490, 0, 1, 4, 2, 10014),
(491, 0, 1, 2, 3, 10015),
(492, 0, 1, 1, 3, 10016),
(493, 0, 1, 1, 3, 10017),
(494, 0, 1, 5, 3, 10018),
(495, 0, 1, 1, 3, 10019),
(496, 0, 1, 4, 6, 10020),
(497, 0, 1, 5, 3, 10021),
(498, 0, 3, 3, 6, 10022),
(499, 0, 3, 6, 6, 10023),
(500, 0, 1, 1, 3, 10024),
(501, 0, 1, 1, 3, 10025),
(502, 0, 6, 1, 6, 10026),
(503, 0, 1, 4, 3, 10027),
(504, 0, 2, 3, 6, 10028),
(505, 0, 1, 1, 4, 10029),
(506, 0, 1, 1, 3, 10030),
(507, 0, 1, 5, 4, 10031),
(508, 0, 6, 1, 4, 10032),
(509, 0, 2, 1, 3, 10033),
(510, 0, 1, 1, 6, 10034),
(511, 0, 3, 5, 3, 10035),
(512, 0, 1, 1, 3, 10036),
(513, 0, 5, 4, 5, 10037),
(514, 0, 1, 4, 3, 10038),
(515, 0, 1, 1, 7, 10039),
(516, 0, 6, 1, 6, 10040),
(517, 0, 1, 5, 4, 10041),
(518, 0, 1, 1, 6, 10042),
(519, 0, 4, 1, 6, 10043),
(520, 0, 1, 5, 3, 10044),
(521, 0, 5, 1, 6, 10045),
(522, 0, 4, 1, 6, 10046),
(523, 0, 1, 5, 3, 10047),
(524, 0, 2, 5, 5, 10048),
(525, 0, 1, 1, 3, 10049),
(526, 0, 1, 1, 3, 10050),
(527, 0, 1, 1, 3, 10051),
(528, 0, 1, 1, 3, 10052),
(529, 0, 1, 3, 7, 10053),
(530, 0, 2, 3, 7, 10054),
(531, 0, 2, 1, 7, 10055),
(532, 0, 1, 1, 7, 10056),
(533, 0, 1, 5, 7, 10057),
(534, 0, 1, 3, 7, 10058),
(535, 0, 1, 1, 3, 10059),
(536, 0, 5, 3, 6, 10060),
(537, 0, 1, 3, 3, 10061),
(538, 0, 1, 1, 3, 10062),
(539, 0, 1, 1, 3, 10063),
(540, 0, 1, 2, 3, 10064),
(541, 0, 1, 1, 4, 10065),
(542, 0, 1, 3, 3, 10066),
(543, 0, 1, 4, 4, 10067),
(544, 0, 1, 3, 3, 10068),
(545, 0, 1, 1, 3, 10069),
(546, 0, 2, 1, 3, 10070),
(547, 0, 1, 3, 4, 10071),
(548, 0, 1, 1, 3, 10072),
(549, 0, 1, 4, 4, 10073),
(550, 0, 6, 5, 3, 10074),
(551, 0, 1, 5, 3, 10075),
(552, 0, 2, 5, 3, 10076),
(553, 0, 1, 1, 5, 10077),
(554, 0, 1, 1, 3, 10078),
(555, 0, 1, 1, 3, 10079),
(556, 0, 1, 1, 3, 10080),
(557, 0, 1, 4, 4, 10081),
(558, 0, 1, 1, 3, 10082),
(559, 0, 1, 1, 1, 10083),
(560, 0, 1, 5, 3, 10084),
(561, 0, 5, 5, 6, 10085),
(562, 0, 1, 6, 4, 10086),
(563, 0, 3, 4, 4, 10087),
(564, 0, 2, 3, 3, 10088),
(565, 0, 1, 1, 4, 10089),
(566, 0, 1, 1, 3, 10090),
(567, 0, 3, 1, 3, 10091),
(568, 1, 1, 1, 4, 10092),
(569, 0, 1, 4, 3, 10093),
(570, 0, 1, 1, 4, 10094),
(571, 0, 1, 1, 3, 10095),
(572, 0, 1, 1, 4, 10096),
(573, 0, 1, 5, 4, 10097),
(574, 0, 1, 1, 7, 10098),
(575, 0, 2, 1, 7, 10099),
(576, 0, 4, 1, 7, 10100),
(577, 0, 6, 1, 6, 10101),
(578, 0, 1, 1, 6, 10102),
(579, 0, 4, 3, 6, 10103),
(580, 0, 1, 5, 6, 10104),
(581, 0, 1, 4, 6, 10105),
(582, 0, 1, 4, 6, 10106),
(583, 0, 1, 1, 6, 10107),
(584, 0, 1, 1, 7, 10108),
(585, 0, 1, 1, 7, 10109),
(586, 0, 4, 1, 7, 10110),
(587, 0, 1, 1, 6, 10111),
(588, 1, 2, 5, 2, 10112),
(589, 0, 1, 1, 4, 10113),
(590, 0, 1, 3, 4, 10114),
(591, 0, 1, 5, 7, 10115),
(592, 0, 1, 3, 4, 10116),
(593, 0, 3, 3, 4, 10117),
(594, 0, 1, 3, 4, 10118),
(595, 0, 2, 1, 4, 10119),
(596, 0, 3, 1, 4, 10120),
(597, 0, 5, 3, 6, 10121),
(598, 0, 2, 1, 6, 10122),
(599, 0, 1, 4, 6, 10123),
(600, 0, 1, 1, 6, 10124),
(601, 0, 1, 5, 6, 10125),
(602, 0, 2, 1, 6, 10126),
(603, 0, 4, 5, 7, 10127),
(604, 0, 1, 1, 6, 10128),
(605, 0, 6, 1, 6, 10129),
(606, 0, 1, 5, 6, 10130),
(607, 0, 6, 1, 6, 10131),
(608, 0, 4, 4, 6, 10132),
(609, 0, 5, 3, 7, 10133),
(610, 0, 1, 1, 6, 10134),
(611, 1, 6, 1, 5, 10135),
(612, 0, 5, 1, 1, 10136),
(613, 0, 1, 1, 4, 10137),
(614, 0, 2, 1, 1, 10138),
(615, 0, 1, 1, 4, 10139),
(616, 1, 1, 1, 7, 10140),
(617, 0, 1, 1, 4, 10141),
(618, 0, 2, 3, 3, 10142),
(619, 0, 2, 1, 6, 10143),
(620, 0, 1, 1, 4, 10144),
(621, 0, 1, 5, 4, 10145),
(622, 0, 1, 1, 4, 10146),
(623, 1, 1, 4, 4, 10147),
(624, 0, 1, 1, 4, 10148),
(625, 0, 1, 5, 4, 10149),
(626, 0, 1, 1, 4, 10150),
(627, 0, 1, 1, 4, 10151),
(628, 0, 1, 1, 4, 10152),
(629, 0, 1, 5, 4, 10153),
(630, 0, 2, 1, 4, 10154),
(631, 0, 1, 1, 5, 10155),
(632, 0, 1, 1, 4, 10156),
(633, 0, 1, 1, 5, 10157),
(634, 0, 1, 4, 5, 10158),
(635, 0, 1, 1, 5, 10159),
(636, 0, 1, 1, 5, 10160),
(637, 0, 1, 5, 5, 10161),
(638, 0, 1, 6, 5, 10162),
(639, 0, 1, 1, 5, 10163),
(640, 0, 1, 1, 4, 10164),
(641, 0, 1, 1, 5, 10165),
(642, 0, 1, 5, 5, 10166),
(643, 0, 2, 1, 4, 10167),
(644, 0, 2, 5, 6, 10168),
(645, 0, 4, 4, 6, 10169),
(646, 0, 5, 1, 6, 10170),
(647, 0, 1, 1, 4, 10171),
(648, 0, 1, 1, 4, 10172),
(649, 0, 1, 1, 6, 10173),
(650, 0, 2, 1, 6, 10174),
(651, 0, 1, 1, 4, 10175),
(652, 0, 1, 5, 2, 10176),
(653, 1, 6, 1, 6, 10177),
(654, 0, 1, 1, 4, 10178),
(655, 0, 2, 4, 6, 10179),
(656, 1, 1, 5, 4, 10180),
(657, 0, 6, 1, 1, 10181),
(658, 0, 4, 4, 2, 10182),
(659, 0, 1, 1, 7, 10183),
(660, 0, 1, 1, 5, 10184),
(661, 0, 1, 1, 5, 10185),
(662, 0, 1, 1, 5, 10186),
(663, 0, 1, 5, 5, 10187),
(664, 0, 1, 6, 5, 10188),
(665, 0, 2, 1, 5, 10189),
(666, 0, 1, 1, 5, 10190),
(667, 0, 1, 6, 4, 10191),
(668, 0, 1, 4, 5, 10192),
(669, 0, 1, 1, 7, 10193),
(670, 0, 1, 1, 5, 10194),
(671, 0, 1, 5, 5, 10195),
(672, 0, 6, 1, 7, 10196),
(673, 0, 2, 1, 1, 10197),
(674, 0, 1, 5, 5, 10198),
(675, 0, 1, 1, 5, 10199),
(676, 0, 1, 1, 7, 10200),
(677, 0, 1, 6, 5, 10201),
(678, 0, 1, 1, 4, 10202),
(679, 0, 1, 1, 4, 10203),
(680, 0, 2, 5, 5, 10204),
(681, 0, 1, 5, 4, 10205),
(682, 0, 1, 1, 1, 10206),
(683, 0, 1, 1, 4, 10207),
(684, 0, 1, 6, 5, 10208),
(685, 0, 1, 1, 5, 10209),
(686, 0, 1, 1, 4, 10210),
(687, 0, 1, 1, 3, 10211),
(688, 0, 1, 5, 5, 10212),
(689, 0, 1, 5, 5, 10213),
(690, 0, 1, 1, 4, 10214),
(691, 0, 1, 1, 7, 10215),
(692, 0, 1, 1, 4, 10216),
(693, 0, 1, 5, 4, 10217),
(694, 0, 1, 1, 4, 10218),
(695, 1, 1, 4, 7, 10219),
(696, 0, 1, 5, 4, 10220),
(697, 0, 1, 1, 3, 10221),
(698, 0, 1, 1, 3, 10222),
(699, 0, 1, 5, 4, 10223),
(700, 0, 1, 5, 4, 10224),
(701, 0, 2, 4, 6, 10225),
(702, 0, 1, 1, 4, 10226),
(703, 0, 1, 5, 6, 10227),
(704, 0, 1, 1, 4, 10228),
(705, 0, 1, 4, 6, 10229),
(706, 0, 1, 1, 5, 10230),
(707, 1, 1, 1, 7, 10231),
(708, 0, 1, 4, 3, 10232),
(709, 0, 1, 5, 3, 10233),
(710, 0, 1, 1, 6, 10234),
(711, 0, 1, 1, 6, 10235),
(712, 0, 1, 1, 4, 10236),
(713, 0, 1, 1, 6, 10237),
(714, 0, 1, 1, 4, 10238),
(715, 0, 2, 4, 6, 10239),
(716, 0, 6, 3, 3, 10240),
(717, 0, 1, 1, 6, 10241),
(718, 0, 1, 5, 7, 10242),
(719, 0, 1, 1, 6, 10243),
(720, 0, 5, 1, 7, 10244),
(721, 1, 1, 1, 7, 10245),
(722, 0, 2, 3, 6, 10246),
(723, 0, 1, 1, 6, 10247),
(724, 0, 1, 6, 4, 10248),
(725, 0, 1, 6, 6, 10249),
(726, 0, 1, 5, 6, 10250),
(727, 0, 1, 1, 6, 10251),
(728, 0, 1, 5, 6, 10252),
(729, 0, 4, 3, 7, 10253),
(730, 0, 1, 5, 6, 10254),
(731, 0, 1, 1, 6, 10255),
(732, 0, 1, 5, 6, 10256),
(733, 0, 1, 1, 6, 10257),
(734, 0, 1, 5, 4, 10258),
(735, 1, 4, 5, 4, 10259),
(736, 0, 1, 1, 4, 10260),
(737, 0, 1, 1, 3, 10261),
(738, 0, 1, 6, 4, 10262),
(739, 0, 1, 1, 4, 10263),
(740, 0, 1, 1, 4, 10264),
(741, 0, 1, 5, 5, 10265),
(742, 0, 1, 6, 6, 10266),
(743, 0, 1, 1, 4, 10267),
(744, 0, 1, 5, 5, 10268),
(745, 0, 4, 1, 1, 10269),
(746, 0, 5, 3, 6, 10270),
(747, 0, 1, 1, 7, 10271),
(748, 0, 1, 1, 3, 10272),
(749, 0, 1, 1, 4, 10273),
(750, 0, 4, 3, 5, 10274),
(751, 0, 4, 1, 6, 10275),
(752, 1, 1, 5, 4, 10276),
(753, 0, 2, 4, 6, 10277),
(754, 0, 1, 1, 5, 10278),
(755, 0, 1, 1, 7, 10279),
(756, 0, 1, 5, 4, 10280),
(757, 0, 1, 6, 4, 10281),
(758, 0, 1, 5, 4, 10282),
(759, 0, 1, 1, 4, 10283),
(760, 0, 1, 1, 4, 10284),
(761, 0, 2, 4, 4, 10285),
(762, 0, 1, 6, 4, 10286),
(763, 0, 1, 5, 4, 10287),
(764, 0, 5, 1, 6, 10288),
(765, 1, 3, 4, 6, 10289),
(766, 0, 6, 1, 6, 10290),
(767, 0, 6, 1, 7, 10291),
(768, 0, 1, 5, 4, 10292),
(769, 0, 1, 6, 4, 10293),
(770, 0, 4, 1, 6, 10294),
(771, 0, 1, 5, 4, 10295),
(772, 0, 1, 5, 4, 10296),
(773, 0, 1, 5, 5, 10297),
(774, 0, 1, 1, 7, 10298),
(775, 0, 2, 5, 3, 10299),
(776, 0, 1, 4, 1, 10300),
(777, 0, 3, 3, 6, 10301),
(778, 0, 1, 4, 5, 10302),
(779, 0, 3, 1, 6, 10303),
(780, 0, 1, 6, 4, 10304),
(781, 0, 6, 1, 6, 10305),
(782, 0, 1, 1, 3, 10306),
(783, 1, 4, 1, 2, 10307),
(784, 0, 1, 1, 4, 10308),
(785, 0, 3, 1, 3, 10309),
(786, 0, 1, 6, 4, 10310),
(787, 1, 3, 1, 7, 10311),
(788, 1, 2, 5, 6, 10312),
(789, 0, 1, 1, 3, 10313),
(790, 0, 6, 2, 2, 10314),
(791, 0, 1, 1, 4, 10315),
(792, 0, 1, 6, 4, 10316),
(793, 0, 1, 5, 4, 10317),
(794, 0, 1, 1, 7, 10318),
(795, 0, 1, 4, 4, 10319),
(796, 0, 1, 1, 4, 10320),
(797, 0, 1, 4, 5, 10321),
(798, 0, 2, 3, 6, 10322),
(799, 0, 1, 6, 4, 10323),
(800, 0, 1, 1, 4, 10324),
(801, 0, 3, 3, 4, 10325),
(802, 0, 6, 1, 3, 10326),
(803, 0, 6, 1, 3, 10327),
(804, 0, 6, 1, 4, 10328),
(805, 0, 1, 1, 4, 10329),
(806, 0, 6, 1, 4, 10330),
(807, 0, 5, 1, 4, 10331),
(808, 0, 1, 4, 3, 10332),
(809, 0, 1, 1, 2, 10333),
(810, 0, 5, 5, 5, 10334),
(811, 1, 1, 4, 1, 10335),
(812, 0, 1, 5, 4, 10336),
(813, 0, 1, 6, 4, 10337),
(814, 0, 1, 6, 4, 10338),
(815, 0, 1, 6, 4, 10339),
(816, 0, 1, 1, 4, 10340),
(817, 0, 1, 1, 4, 10341),
(818, 0, 1, 1, 4, 10342),
(819, 0, 1, 1, 4, 10343),
(820, 0, 1, 1, 7, 10344),
(821, 0, 3, 5, 4, 10345),
(822, 0, 1, 5, 4, 10346),
(823, 0, 2, 1, 4, 10347),
(824, 1, 1, 5, 3, 10348),
(825, 0, 3, 1, 4, 10349),
(826, 0, 1, 5, 4, 10350),
(827, 0, 1, 5, 4, 10351),
(828, 0, 1, 5, 4, 10352),
(829, 0, 1, 1, 4, 10353),
(830, 0, 1, 5, 4, 10354),
(831, 0, 1, 1, 4, 10355),
(832, 0, 3, 1, 4, 10356),
(833, 0, 1, 5, 6, 10357),
(834, 0, 1, 6, 4, 10358),
(835, 0, 1, 5, 6, 10359),
(836, 0, 1, 5, 3, 10360),
(837, 0, 1, 1, 3, 10361),
(838, 0, 1, 5, 1, 10362),
(839, 0, 1, 5, 4, 10363),
(840, 0, 2, 1, 4, 10364),
(841, 0, 3, 1, 4, 10365),
(842, 0, 1, 4, 2, 10366),
(843, 0, 4, 4, 3, 10367),
(844, 0, 1, 1, 3, 10368),
(845, 0, 2, 1, 3, 10369),
(846, 0, 1, 1, 3, 10370),
(847, 0, 1, 1, 3, 10371),
(848, 0, 1, 1, 3, 10372),
(849, 0, 3, 1, 3, 10373),
(850, 0, 1, 4, 3, 10374),
(851, 0, 1, 4, 3, 10375),
(852, 0, 1, 4, 3, 10376),
(853, 0, 1, 1, 3, 10377),
(854, 0, 1, 1, 3, 10378),
(855, 0, 1, 3, 7, 10379),
(856, 0, 2, 1, 3, 10380),
(857, 0, 1, 4, 3, 10381),
(858, 0, 2, 1, 3, 10382),
(859, 0, 1, 4, 3, 10383),
(860, 0, 1, 5, 3, 10384),
(861, 0, 1, 4, 3, 10385),
(862, 0, 1, 3, 3, 10386),
(863, 0, 1, 1, 7, 10387),
(864, 0, 1, 1, 3, 10388),
(865, 0, 1, 1, 3, 10389),
(866, 0, 2, 1, 3, 10390),
(867, 0, 3, 1, 3, 10391),
(868, 0, 1, 4, 3, 10392),
(869, 0, 2, 5, 3, 10393),
(870, 0, 1, 5, 4, 10394),
(871, 0, 1, 1, 3, 10395),
(872, 0, 4, 1, 4, 10396),
(873, 0, 2, 4, 3, 10397),
(874, 0, 1, 1, 3, 10398),
(875, 0, 1, 1, 3, 10399),
(876, 0, 1, 1, 4, 10400),
(877, 0, 1, 4, 3, 10401),
(878, 0, 1, 1, 3, 10402),
(879, 0, 1, 1, 3, 10403),
(880, 0, 1, 1, 3, 10404),
(881, 0, 2, 5, 3, 10405),
(882, 0, 1, 4, 3, 10406),
(883, 0, 1, 1, 3, 10407),
(884, 0, 2, 1, 3, 10408),
(885, 0, 2, 1, 7, 10409),
(886, 0, 1, 1, 7, 10410),
(887, 0, 1, 1, 4, 10411),
(888, 0, 1, 1, 4, 10412),
(889, 0, 2, 5, 3, 10413),
(890, 0, 1, 1, 4, 10414),
(891, 0, 1, 1, 7, 10415),
(892, 0, 1, 1, 3, 10416),
(893, 0, 4, 1, 2, 10417),
(894, 0, 1, 4, 3, 10418),
(895, 0, 6, 1, 7, 10419),
(896, 0, 1, 1, 3, 10420),
(897, 0, 1, 1, 3, 10421),
(898, 0, 1, 1, 3, 10422),
(899, 0, 2, 1, 3, 10423),
(900, 1, 1, 6, 4, 10424),
(901, 0, 1, 4, 5, 10425),
(902, 0, 1, 4, 6, 10426),
(903, 0, 1, 5, 6, 10427),
(904, 0, 2, 1, 3, 10428),
(905, 0, 3, 1, 7, 10429),
(906, 0, 1, 5, 4, 10430),
(907, 0, 1, 3, 4, 10431),
(908, 0, 6, 1, 1, 10432),
(909, 0, 1, 6, 4, 10433),
(910, 0, 2, 5, 4, 10434),
(911, 0, 5, 1, 7, 10435),
(912, 0, 1, 4, 4, 10436),
(913, 0, 1, 5, 7, 10437),
(914, 0, 1, 1, 7, 10438),
(915, 0, 1, 6, 5, 10439),
(916, 0, 1, 6, 3, 10440),
(917, 0, 6, 4, 6, 10441),
(918, 0, 1, 4, 6, 10442),
(919, 0, 1, 5, 3, 10443),
(920, 0, 2, 1, 3, 10444),
(921, 0, 5, 5, 6, 10445),
(922, 0, 4, 1, 6, 10446),
(923, 1, 1, 1, 7, 10447),
(924, 0, 5, 1, 2, 10448),
(925, 0, 2, 1, 1, 10449),
(926, 1, 1, 1, 1, 10450),
(927, 0, 1, 4, 4, 10451),
(928, 0, 5, 5, 7, 10452),
(929, 0, 1, 1, 6, 10453),
(930, 0, 1, 3, 4, 10454),
(931, 0, 2, 1, 3, 10455),
(932, 0, 1, 1, 7, 10456),
(933, 0, 1, 1, 7, 10457),
(934, 0, 1, 1, 3, 10458),
(935, 0, 1, 1, 7, 10459),
(936, 0, 2, 1, 3, 10460),
(937, 0, 1, 5, 7, 10461),
(938, 0, 1, 1, 7, 10462),
(939, 0, 1, 4, 3, 10463),
(940, 0, 2, 5, 6, 10464),
(941, 0, 1, 1, 1, 10465),
(942, 0, 1, 5, 7, 10466),
(943, 0, 1, 1, 3, 10467),
(944, 0, 1, 1, 6, 10468),
(945, 0, 3, 1, 1, 10469),
(946, 0, 2, 4, 6, 10470),
(947, 0, 1, 1, 1, 10471),
(948, 0, 1, 3, 5, 10472),
(949, 0, 1, 1, 6, 10473),
(950, 1, 1, 6, 3, 10474),
(951, 0, 1, 1, 6, 10475),
(952, 0, 1, 6, 6, 10476),
(953, 0, 1, 1, 4, 10477),
(954, 0, 1, 1, 4, 10478),
(955, 0, 1, 1, 7, 10479),
(956, 0, 2, 1, 1, 10480),
(957, 0, 1, 3, 3, 10481),
(958, 1, 1, 5, 7, 10482),
(959, 0, 2, 1, 3, 10483),
(960, 0, 3, 1, 3, 10484),
(961, 0, 2, 5, 7, 10485),
(962, 0, 2, 1, 7, 10486),
(963, 0, 3, 1, 7, 10487),
(964, 0, 5, 1, 7, 10488),
(965, 0, 5, 1, 3, 10489),
(966, 1, 2, 1, 2, 10490),
(967, 0, 5, 1, 3, 10491),
(968, 1, 6, 1, 1, 10492),
(969, 0, 2, 3, 4, 10493),
(970, 0, 2, 4, 2, 10494),
(971, 0, 3, 6, 7, 10495),
(972, 1, 1, 1, 4, 10496),
(973, 0, 1, 4, 7, 10497),
(974, 0, 3, 1, 4, 10498),
(975, 0, 3, 1, 3, 10499),
(976, 0, 1, 1, 3, 10500),
(977, 0, 1, 1, 3, 10501),
(978, 0, 1, 6, 4, 10502),
(979, 1, 6, 1, 6, 10503),
(980, 1, 1, 1, 4, 10504),
(981, 0, 1, 1, 6, 10505),
(982, 0, 1, 1, 3, 10506),
(983, 0, 1, 1, 7, 10507),
(984, 0, 1, 4, 2, 10508),
(985, 0, 1, 4, 4, 10509),
(986, 0, 1, 6, 3, 10510),
(987, 0, 5, 1, 4, 10511),
(988, 0, 2, 2, 6, 10512),
(989, 0, 1, 1, 7, 10513),
(990, 0, 1, 1, 7, 10514),
(991, 0, 2, 4, 2, 10515),
(992, 0, 3, 1, 6, 10516),
(993, 0, 3, 1, 6, 10517),
(994, 0, 5, 1, 4, 10518),
(995, 0, 1, 5, 3, 10519),
(996, 0, 2, 1, 4, 10520),
(997, 0, 1, 1, 7, 10521),
(998, 0, 1, 4, 3, 10522),
(999, 0, 2, 1, 6, 10523),
(1000, 0, 5, 1, 4, 10524);

-- --------------------------------------------------------

--
-- Structure de la table `BREED`
--

CREATE TABLE `BREED` (
  `id_Breed` bigint(20) UNSIGNED NOT NULL,
  `Name_Breed` varchar(30) NOT NULL
) ENGINE=InnoDB DEFAULT CHARSET=utf8;

--
-- Contenu de la table `BREED`
--

INSERT INTO `BREED` (`id_Breed`, `Name_Breed`) VALUES
(1, 'A. m. mellifera'),
(2, 'A. m. ccm'),
(3, 'A. m. carnica'),
(4, 'Hybrid'),
(5, 'Buckfast'),
(6, 'A. m. ligustica'),
(7, 'Local bees');

-- --------------------------------------------------------

--
-- Structure de la table `DISEASE`
--

CREATE TABLE `DISEASE` (
  `id_Disease` bigint(20) UNSIGNED NOT NULL,
  `Name_Disease` varchar(30) NOT NULL
) ENGINE=InnoDB DEFAULT CHARSET=utf8;

--
-- Contenu de la table `DISEASE`
--

INSERT INTO `DISEASE` (`id_Disease`, `Name_Disease`) VALUES
(1, 'Varroosis'),
(2, 'Chronic paralysis'),
(3, 'American foulbrood'),
(4, 'Nosemosis'),
(5, 'European foulbrood'),
(6, 'Varroa mites');

-- --------------------------------------------------------

--
-- Structure de la table `JT_OBSERVATION`
--

CREATE TABLE `JT_OBSERVATION` (
  `FK_Disease` bigint(20) UNSIGNED NOT NULL,
  `FK_Visit` bigint(20) UNSIGNED NOT NULL,
  `Suffering` tinyint(1) NOT NULL
) ENGINE=InnoDB DEFAULT CHARSET=utf8;

--
-- Contenu de la table `JT_OBSERVATION`
--

INSERT INTO `JT_OBSERVATION` (`FK_Disease`, `FK_Visit`, `Suffering`) VALUES
(1, 2, 0),
(1, 3, 0),
(1, 4, 0),
(1, 5, 0),
(1, 6, 0),
(1, 7, 0),
(1, 8, 0),
(1, 9, 0),
(1, 10, 0),
(1, 11, 0),
(1, 12, 0),
(1, 13, 0),
(1, 14, 0),
(1, 15, 0),
(1, 16, 0),
(1, 17, 0),
(1, 18, 0),
(1, 19, 0),
(1, 20, 0),
(1, 21, 0),
(1, 22, 0),
(1, 23, 0),
(1, 24, 0),
(1, 25, 1),
(1, 26, 0),
(1, 27, 1),
(1, 28, 0),
(1, 29, 1),
(1, 30, 1),
(1, 31, 0),
(1, 32, 0),
(1, 33, 1),
(1, 34, 1),
(1, 35, 1),
(1, 36, 0),
(1, 37, 0),
(1, 38, 0),
(1, 39, 0),
(1, 40, 1),
(1, 41, 1),
(1, 42, 1),
(1, 43, 1),
(1, 44, 1),
(1, 45, 1),
(1, 46, 1),
(1, 47, 0),
(1, 48, 1),
(1, 49, 1),
(1, 50, 1),
(1, 51, 1),
(1, 52, 0),
(1, 53, 0),
(1, 54, 0),
(1, 55, 0),
(1, 56, 0),
(1, 57, 0),
(1, 58, 1),
(1, 59, 0),
(1, 60, 0),
(1, 61, 0),
(1, 62, 0),
(1, 63, 0),
(1, 64, 1),
(1, 65, 0),
(1, 66, 1),
(1, 67, 1),
(1, 68, 1),
(1, 69, 1),
(1, 70, 1),
(1, 71, 1),
(1, 72, 1),
(1, 73, 1),
(1, 74, 1),
(1, 75, 0),
(1, 76, 1),
(1, 77, 1),
(1, 78, 0),
(1, 79, 0),
(1, 80, 0),
(1, 81, 0),
(1, 82, 0),
(1, 83, 0),
(1, 84, 0),
(1, 85, 1),
(1, 86, 1),
(1, 87, 0),
(1, 88, 1),
(1, 89, 1),
(1, 90, 0),
(1, 91, 1),
(1, 92, 1),
(1, 93, 0),
(1, 94, 1),
(1, 95, 1),
(1, 96, 0),
(1, 97, 0),
(1, 98, 0),
(1, 99, 0),
(1, 100, 0),
(1, 101, 0),
(1, 102, 1),
(1, 103, 0),
(1, 104, 0),
(1, 105, 1),
(1, 106, 1),
(1, 107, 0),
(1, 108, 0),
(1, 109, 0),
(1, 110, 1),
(1, 111, 1),
(1, 112, 0),
(1, 113, 0),
(1, 114, 0),
(1, 115, 0),
(1, 116, 1),
(1, 117, 0),
(1, 118, 0),
(1, 119, 1),
(1, 120, 1),
(1, 121, 0),
(1, 122, 1),
(1, 123, 1),
(1, 124, 0),
(1, 125, 1),
(1, 126, 0),
(1, 127, 1),
(1, 128, 1),
(1, 129, 0),
(1, 130, 0),
(1, 131, 1),
(1, 132, 0),
(1, 133, 1),
(1, 134, 1),
(1, 135, 1),
(1, 136, 1),
(1, 137, 1),
(1, 138, 0),
(1, 139, 0),
(1, 140, 1),
(1, 141, 0),
(1, 142, 0),
(1, 143, 1),
(1, 144, 0),
(1, 145, 1),
(1, 146, 1),
(1, 147, 0),
(1, 148, 0),
(1, 149, 0),
(1, 150, 1),
(1, 151, 1),
(1, 152, 1),
(1, 153, 1),
(1, 154, 0),
(1, 155, 0),
(1, 156, 0),
(1, 157, 1),
(1, 158, 0),
(1, 159, 1),
(1, 160, 0),
(1, 161, 0),
(1, 162, 1),
(1, 163, 0),
(1, 164, 0),
(1, 165, 0),
(1, 166, 1),
(1, 167, 0),
(1, 168, 0),
(1, 169, 0),
(1, 170, 0),
(1, 171, 1),
(1, 172, 0),
(1, 173, 0),
(1, 174, 0),
(1, 175, 0),
(1, 176, 0),
(1, 177, 0),
(1, 178, 0),
(1, 179, 0),
(1, 180, 0),
(1, 181, 1),
(1, 182, 0),
(1, 183, 0),
(1, 184, 1),
(1, 185, 0),
(1, 186, 0),
(1, 187, 0),
(1, 188, 0),
(1, 189, 0),
(1, 190, 0),
(1, 191, 0),
(1, 192, 1),
(1, 193, 0),
(1, 194, 0),
(1, 195, 0),
(1, 196, 1),
(1, 197, 1),
(1, 198, 0),
(1, 199, 0),
(1, 200, 0),
(1, 201, 0),
(1, 202, 1),
(1, 203, 0),
(1, 204, 0),
(1, 205, 1),
(1, 206, 0),
(1, 207, 0),
(1, 208, 0),
(1, 209, 0),
(1, 210, 0),
(1, 211, 0),
(1, 212, 0),
(1, 213, 0),
(1, 214, 0),
(1, 215, 0),
(1, 216, 0),
(1, 217, 0),
(1, 218, 0),
(1, 219, 0),
(1, 220, 0),
(1, 221, 0),
(1, 222, 0),
(1, 223, 0),
(1, 224, 0),
(1, 225, 1),
(1, 226, 0),
(1, 227, 0),
(1, 228, 0),
(1, 229, 0),
(1, 230, 1),
(1, 231, 1),
(1, 232, 0),
(1, 233, 0),
(1, 234, 1),
(1, 235, 0),
(1, 236, 0),
(1, 237, 1),
(1, 238, 0),
(1, 239, 0),
(1, 240, 0),
(1, 241, 0),
(1, 242, 0),
(1, 243, 0),
(1, 244, 0),
(1, 245, 0),
(1, 246, 0),
(1, 247, 0),
(1, 248, 0),
(1, 249, 0),
(1, 250, 0),
(1, 251, 0),
(1, 252, 1),
(1, 253, 1),
(1, 254, 0),
(1, 255, 0),
(1, 256, 1),
(1, 257, 0),
(1, 258, 1),
(1, 259, 1),
(1, 260, 0),
(1, 261, 0),
(1, 262, 0),
(1, 263, 0),
(1, 264, 0),
(1, 265, 0),
(1, 266, 1),
(1, 267, 0),
(1, 268, 0),
(1, 269, 0),
(1, 270, 0),
(1, 271, 0),
(1, 272, 0),
(1, 273, 0),
(1, 274, 0),
(1, 275, 1),
(1, 276, 0),
(1, 277, 0),
(1, 278, 0),
(1, 279, 0),
(1, 280, 0),
(1, 281, 0),
(1, 282, 1),
(1, 283, 0),
(1, 284, 1),
(1, 285, 0),
(1, 286, 0),
(1, 287, 0),
(1, 288, 0),
(1, 289, 0),
(1, 290, 0),
(1, 291, 0),
(1, 292, 0),
(1, 293, 0),
(1, 294, 0),
(1, 295, 1),
(1, 296, 0),
(1, 297, 1),
(1, 298, 0),
(1, 299, 0),
(1, 300, 0),
(1, 301, 1),
(1, 302, 1),
(1, 303, 1),
(1, 304, 0),
(1, 305, 0),
(1, 306, 0),
(1, 307, 1),
(1, 308, 0),
(1, 309, 0),
(1, 310, 1),
(1, 311, 0),
(1, 312, 0),
(1, 313, 0),
(1, 314, 1),
(1, 315, 1),
(1, 316, 1),
(1, 317, 1),
(1, 318, 0),
(1, 319, 1),
(1, 320, 0),
(1, 321, 0),
(1, 322, 0),
(1, 323, 0),
(1, 324, 0),
(1, 325, 0),
(1, 326, 0),
(1, 327, 0),
(1, 328, 0),
(1, 329, 0),
(1, 330, 0),
(1, 331, 0),
(1, 332, 0),
(1, 333, 0),
(1, 334, 0),
(1, 335, 0),
(1, 336, 0),
(1, 337, 0),
(1, 338, 0),
(1, 339, 1),
(1, 340, 0),
(1, 341, 1),
(1, 342, 0),
(1, 343, 0),
(1, 344, 0),
(1, 345, 1),
(1, 346, 0),
(1, 347, 0),
(1, 348, 0),
(1, 349, 1),
(1, 350, 0),
(1, 351, 0),
(1, 352, 0),
(1, 353, 0),
(1, 354, 0),
(1, 355, 0),
(1, 356, 0),
(1, 357, 1),
(1, 358, 0),
(1, 359, 0),
(1, 360, 1),
(1, 361, 0),
(1, 362, 1),
(1, 363, 0),
(1, 364, 0),
(1, 365, 1),
(1, 366, 0),
(1, 367, 0),
(1, 368, 0),
(1, 369, 0),
(1, 370, 1),
(1, 371, 0),
(1, 372, 1),
(1, 373, 0),
(1, 374, 0),
(1, 375, 0),
(1, 376, 0),
(1, 377, 1),
(1, 378, 0),
(1, 379, 0),
(1, 380, 1),
(1, 381, 0),
(1, 382, 1),
(1, 383, 1),
(1, 384, 0),
(1, 385, 1),
(1, 386, 1),
(1, 387, 0),
(1, 388, 1),
(1, 389, 0),
(1, 390, 1),
(1, 391, 0),
(1, 392, 0),
(1, 393, 1),
(1, 394, 0),
(1, 395, 1),
(1, 396, 1),
(1, 397, 0),
(1, 398, 1),
(1, 399, 0),
(1, 400, 1),
(1, 401, 1),
(1, 402, 0),
(1, 403, 0),
(1, 404, 0),
(1, 405, 0),
(1, 406, 0),
(1, 407, 0),
(1, 408, 0),
(1, 409, 0),
(1, 410, 0),
(1, 411, 0),
(1, 412, 0),
(1, 413, 0),
(1, 414, 0),
(1, 415, 0),
(1, 416, 0),
(1, 417, 0),
(1, 418, 1),
(1, 419, 0),
(1, 420, 0),
(1, 421, 0),
(1, 422, 0),
(1, 423, 1),
(1, 424, 0),
(1, 425, 0),
(1, 426, 0),
(1, 427, 1),
(1, 428, 0),
(1, 429, 1),
(1, 430, 0),
(1, 431, 1),
(1, 432, 0),
(1, 433, 0),
(1, 434, 0),
(1, 435, 0),
(1, 436, 0),
(1, 437, 0),
(1, 438, 0),
(1, 439, 0),
(1, 440, 0),
(1, 441, 1),
(1, 442, 0),
(1, 443, 0),
(1, 444, 0),
(1, 445, 0),
(1, 446, 0),
(1, 447, 0),
(1, 448, 1),
(1, 449, 0),
(1, 450, 1),
(1, 451, 0),
(1, 452, 1),
(1, 453, 0),
(1, 454, 0),
(1, 455, 0),
(1, 456, 0),
(1, 457, 1),
(1, 458, 0),
(1, 459, 0),
(1, 460, 1),
(1, 461, 0),
(1, 462, 1),
(1, 463, 0),
(1, 464, 0),
(1, 465, 0),
(1, 466, 0),
(1, 467, 1),
(1, 468, 0),
(1, 469, 1),
(1, 470, 0),
(1, 471, 0),
(1, 472, 0),
(1, 473, 0),
(1, 474, 0),
(1, 475, 0),
(1, 476, 0),
(1, 477, 0),
(1, 478, 0),
(1, 479, 1),
(1, 480, 0),
(1, 481, 0),
(1, 482, 0),
(1, 483, 0),
(1, 484, 0),
(1, 485, 0),
(1, 486, 0),
(1, 487, 0),
(1, 488, 0),
(1, 489, 1),
(1, 490, 0),
(1, 491, 0),
(1, 492, 0),
(1, 493, 1),
(1, 494, 1),
(1, 495, 0),
(1, 496, 0),
(1, 497, 0),
(1, 498, 0),
(1, 499, 0),
(1, 500, 0),
(1, 501, 0),
(1, 502, 0),
(1, 503, 0),
(1, 504, 0),
(1, 505, 0),
(1, 506, 0),
(1, 507, 0),
(1, 508, 0),
(1, 509, 0),
(1, 510, 0),
(1, 511, 0),
(1, 512, 0),
(1, 513, 0),
(1, 514, 0),
(1, 515, 0),
(1, 516, 0),
(1, 517, 0),
(1, 518, 0),
(1, 519, 0),
(1, 520, 0),
(1, 521, 0),
(1, 522, 0),
(1, 523, 0),
(1, 524, 0),
(1, 525, 0),
(1, 526, 0),
(1, 527, 0),
(1, 528, 0),
(1, 529, 0),
(1, 530, 0),
(1, 531, 0),
(1, 532, 0),
(1, 533, 0),
(1, 534, 0),
(1, 535, 0),
(1, 536, 1),
(1, 537, 0),
(1, 538, 0),
(1, 539, 1),
(1, 540, 0),
(1, 541, 1),
(1, 542, 1),
(1, 543, 0),
(1, 544, 0),
(1, 545, 0),
(1, 546, 0),
(1, 547, 0),
(1, 548, 1),
(1, 549, 0),
(1, 550, 0),
(1, 551, 0),
(1, 552, 0),
(1, 553, 0),
(1, 554, 0),
(1, 555, 0),
(1, 556, 0),
(1, 557, 0),
(1, 558, 0),
(1, 559, 0),
(1, 560, 0),
(1, 561, 0),
(1, 562, 1),
(1, 563, 1),
(1, 564, 0),
(1, 565, 0),
(1, 566, 0),
(1, 567, 0),
(1, 568, 0),
(1, 569, 0),
(1, 570, 0),
(1, 571, 0),
(1, 572, 0),
(1, 573, 0),
(1, 574, 1),
(1, 575, 0),
(1, 576, 0),
(1, 577, 0),
(1, 578, 0),
(1, 579, 0),
(1, 580, 0),
(1, 581, 0),
(1, 582, 0),
(1, 583, 0),
(1, 584, 0),
(1, 585, 0),
(1, 586, 0),
(1, 587, 0),
(1, 588, 0),
(1, 589, 1),
(1, 590, 0),
(1, 591, 0),
(1, 592, 0),
(1, 593, 0),
(1, 594, 0),
(1, 595, 1),
(1, 596, 0),
(1, 597, 0),
(1, 598, 0),
(1, 599, 0),
(1, 600, 1),
(1, 601, 0),
(1, 602, 0),
(1, 603, 0),
(1, 604, 1),
(1, 605, 0),
(1, 606, 0),
(1, 607, 0),
(1, 608, 0),
(1, 609, 0),
(1, 610, 1),
(1, 611, 0),
(1, 612, 0),
(1, 613, 1),
(1, 614, 1),
(1, 615, 0),
(1, 616, 1),
(1, 617, 1),
(1, 618, 1),
(1, 619, 1),
(1, 620, 0),
(1, 621, 0),
(1, 622, 0),
(1, 623, 0),
(1, 624, 1),
(1, 625, 1),
(1, 626, 0),
(1, 627, 1),
(1, 628, 0),
(1, 629, 1),
(1, 630, 0),
(1, 631, 0),
(1, 632, 0),
(1, 633, 0),
(1, 634, 0),
(1, 635, 0),
(1, 636, 0),
(1, 637, 0),
(1, 638, 0),
(1, 639, 0),
(1, 640, 0),
(1, 641, 0),
(1, 642, 0),
(1, 643, 1),
(1, 644, 0),
(1, 645, 0),
(1, 646, 0),
(1, 647, 0),
(1, 648, 0),
(1, 649, 0),
(1, 650, 0),
(1, 651, 0),
(1, 652, 0),
(1, 653, 1),
(1, 654, 0),
(1, 655, 0),
(1, 656, 0),
(1, 657, 1),
(1, 658, 0),
(1, 659, 0),
(1, 660, 0),
(1, 661, 0),
(1, 662, 0),
(1, 663, 0),
(1, 664, 0),
(1, 665, 0),
(1, 666, 0),
(1, 667, 0),
(1, 668, 0),
(1, 669, 0),
(1, 670, 0),
(1, 671, 0),
(1, 672, 0),
(1, 673, 0),
(1, 674, 0),
(1, 675, 0),
(1, 676, 0),
(1, 677, 1),
(1, 678, 1),
(1, 679, 0),
(1, 680, 0),
(1, 681, 0),
(1, 682, 0),
(1, 683, 0),
(1, 684, 1),
(1, 685, 0),
(1, 686, 0),
(1, 687, 0),
(1, 688, 0),
(1, 689, 0),
(1, 690, 0),
(1, 691, 0),
(1, 692, 0),
(1, 693, 1),
(1, 694, 1),
(1, 695, 0),
(1, 696, 0),
(1, 697, 0),
(1, 698, 0),
(1, 699, 0),
(1, 700, 1),
(1, 701, 0),
(1, 702, 0),
(1, 703, 0),
(1, 704, 0),
(1, 705, 0),
(1, 706, 0),
(1, 707, 1),
(1, 708, 0),
(1, 709, 0),
(1, 710, 0),
(1, 711, 0),
(1, 712, 0),
(1, 713, 0),
(1, 714, 0),
(1, 715, 0),
(1, 716, 0),
(1, 717, 0),
(1, 718, 0),
(1, 719, 0),
(1, 720, 0),
(1, 721, 0),
(1, 722, 0),
(1, 723, 0),
(1, 724, 0),
(1, 725, 0),
(1, 726, 1),
(1, 727, 0),
(1, 728, 0),
(1, 729, 0),
(1, 730, 0),
(1, 731, 0),
(1, 732, 0),
(1, 733, 0),
(1, 734, 0),
(1, 735, 0),
(1, 736, 0),
(1, 737, 0),
(1, 738, 0),
(1, 739, 0),
(1, 740, 0),
(1, 741, 0),
(1, 742, 0),
(1, 743, 0),
(1, 744, 0),
(1, 745, 0),
(1, 746, 0),
(1, 747, 0),
(1, 748, 0),
(1, 749, 0),
(1, 750, 0),
(1, 751, 0),
(1, 752, 0),
(1, 753, 0),
(1, 754, 0),
(1, 755, 0),
(1, 756, 0),
(1, 757, 0),
(1, 758, 1),
(1, 759, 1),
(1, 760, 0),
(1, 761, 0),
(1, 762, 0),
(1, 763, 0),
(1, 764, 1),
(1, 765, 0),
(1, 766, 0),
(1, 767, 0),
(1, 768, 0),
(1, 769, 0),
(1, 770, 0),
(1, 771, 0),
(1, 772, 0),
(1, 773, 0),
(1, 774, 0),
(1, 775, 0),
(1, 776, 0),
(1, 777, 0),
(1, 778, 0),
(1, 779, 0),
(1, 780, 0),
(1, 781, 0),
(1, 782, 0),
(1, 783, 0),
(1, 784, 0),
(1, 785, 1),
(1, 786, 0),
(1, 787, 0),
(1, 788, 0),
(1, 789, 0),
(1, 790, 0),
(1, 791, 0),
(1, 792, 0),
(1, 793, 1),
(1, 794, 0),
(1, 795, 0),
(1, 796, 0),
(1, 797, 0),
(1, 798, 0),
(1, 799, 0),
(1, 800, 0),
(1, 801, 0),
(1, 802, 0),
(1, 803, 0),
(1, 804, 0),
(1, 805, 0),
(1, 806, 0),
(1, 807, 0),
(1, 808, 0),
(1, 809, 0),
(1, 810, 0),
(1, 811, 0),
(1, 812, 0),
(1, 813, 0),
(1, 814, 0),
(1, 815, 0),
(1, 816, 0),
(1, 817, 0),
(1, 818, 1),
(1, 819, 1),
(1, 820, 1),
(1, 821, 0),
(1, 822, 0),
(1, 823, 0),
(1, 824, 0),
(1, 825, 0),
(1, 826, 0),
(1, 827, 0),
(1, 828, 0),
(1, 829, 0),
(1, 830, 0),
(1, 831, 0),
(1, 832, 0),
(1, 833, 0),
(1, 834, 0),
(1, 835, 0),
(1, 836, 0),
(1, 837, 0),
(1, 838, 0),
(1, 839, 0),
(1, 840, 0),
(1, 841, 0),
(1, 842, 0),
(1, 843, 1),
(1, 844, 0),
(1, 845, 0),
(1, 846, 0),
(1, 847, 0),
(1, 848, 0),
(1, 849, 0),
(1, 850, 0),
(1, 851, 0),
(1, 852, 0),
(1, 853, 0),
(1, 854, 0),
(1, 855, 0),
(1, 856, 0),
(1, 857, 0),
(1, 858, 0),
(1, 859, 0),
(1, 860, 0),
(1, 861, 0),
(1, 862, 0),
(1, 863, 0),
(1, 864, 0),
(1, 865, 0),
(1, 866, 0),
(1, 867, 0),
(1, 868, 0),
(1, 869, 0),
(1, 870, 0),
(1, 871, 0),
(1, 872, 0),
(1, 873, 0),
(1, 874, 0),
(1, 875, 0),
(1, 876, 0),
(1, 877, 0),
(1, 878, 0),
(1, 879, 0),
(1, 880, 0),
(1, 881, 0),
(1, 882, 0),
(1, 883, 0),
(1, 884, 0),
(1, 885, 0),
(1, 886, 0),
(1, 887, 0),
(1, 888, 1),
(1, 889, 0),
(1, 890, 0),
(1, 891, 1),
(1, 892, 0),
(1, 893, 0),
(1, 894, 0),
(1, 895, 0),
(1, 896, 0),
(1, 897, 0),
(1, 898, 0),
(1, 899, 0),
(1, 900, 0),
(1, 901, 1),
(1, 902, 0),
(1, 903, 0),
(1, 904, 0),
(1, 905, 0),
(1, 906, 0),
(1, 907, 1),
(1, 908, 1),
(1, 909, 0),
(1, 910, 0),
(1, 911, 0),
(1, 912, 0),
(1, 913, 0),
(1, 914, 0),
(1, 915, 0),
(1, 916, 0),
(1, 917, 0),
(1, 918, 0),
(1, 919, 0),
(1, 920, 0),
(1, 921, 0),
(1, 922, 0),
(1, 923, 0),
(1, 924, 1),
(1, 925, 0),
(1, 926, 0),
(1, 927, 0),
(1, 928, 1),
(1, 929, 0),
(1, 930, 0),
(1, 931, 0),
(1, 932, 1),
(1, 933, 0),
(1, 934, 0),
(1, 935, 0),
(1, 936, 0),
(1, 937, 0),
(1, 938, 0),
(1, 939, 0),
(1, 940, 0),
(1, 941, 0),
(1, 942, 0),
(1, 943, 0),
(1, 944, 0),
(1, 945, 0),
(1, 946, 0),
(1, 947, 0),
(1, 948, 0),
(1, 949, 0),
(1, 950, 1),
(1, 951, 1),
(1, 952, 0),
(1, 953, 0),
(1, 954, 0),
(1, 955, 0),
(1, 956, 0),
(1, 957, 0),
(1, 958, 0),
(1, 959, 0),
(1, 960, 0),
(1, 961, 0),
(1, 962, 0),
(1, 963, 0),
(1, 964, 0),
(1, 965, 0),
(1, 966, 0),
(1, 967, 0),
(1, 968, 0),
(1, 969, 0),
(1, 970, 0),
(1, 971, 0),
(1, 972, 0),
(1, 973, 0),
(1, 974, 0),
(1, 975, 0),
(1, 976, 0),
(1, 977, 0),
(1, 978, 0),
(1, 979, 0),
(1, 980, 0),
(1, 981, 0),
(1, 982, 0),
(1, 983, 0),
(1, 984, 0),
(1, 985, 0),
(1, 986, 0),
(1, 987, 0),
(1, 988, 0),
(1, 989, 0),
(1, 990, 0),
(1, 991, 0),
(1, 992, 0),
(1, 993, 0),
(1, 994, 0),
(1, 995, 0),
(1, 996, 0),
(1, 997, 0),
(1, 998, 0),
(1, 999, 0),
(1, 1000, 0),
(1, 1001, 0),
(2, 2, 0),
(2, 3, 0),
(2, 4, 0),
(2, 5, 0),
(2, 6, 0),
(2, 7, 0),
(2, 8, 0),
(2, 9, 0),
(2, 10, 0),
(2, 11, 0),
(2, 12, 0),
(2, 13, 0),
(2, 14, 0),
(2, 15, 0),
(2, 16, 0),
(2, 17, 0),
(2, 18, 0),
(2, 19, 0),
(2, 20, 0),
(2, 21, 0),
(2, 22, 0),
(2, 23, 0),
(2, 24, 0),
(2, 25, 0),
(2, 26, 0),
(2, 27, 0),
(2, 28, 0),
(2, 29, 0),
(2, 30, 0),
(2, 31, 0),
(2, 32, 0),
(2, 33, 0),
(2, 34, 0),
(2, 35, 0),
(2, 36, 0),
(2, 37, 0),
(2, 38, 0),
(2, 39, 0),
(2, 40, 0),
(2, 41, 0),
(2, 42, 0),
(2, 43, 0),
(2, 44, 0),
(2, 45, 0),
(2, 46, 0),
(2, 47, 0),
(2, 48, 0),
(2, 49, 0),
(2, 50, 0),
(2, 51, 0),
(2, 52, 0),
(2, 53, 0),
(2, 54, 0),
(2, 55, 0),
(2, 56, 0),
(2, 57, 0),
(2, 58, 0),
(2, 59, 0),
(2, 60, 0),
(2, 61, 0),
(2, 62, 0),
(2, 63, 0),
(2, 64, 0),
(2, 65, 0),
(2, 66, 0),
(2, 67, 0),
(2, 68, 0),
(2, 69, 0),
(2, 70, 0),
(2, 71, 0),
(2, 72, 0),
(2, 73, 0),
(2, 74, 0),
(2, 75, 0),
(2, 76, 0),
(2, 77, 0),
(2, 78, 0),
(2, 79, 0),
(2, 80, 0),
(2, 81, 0),
(2, 82, 0),
(2, 83, 0),
(2, 84, 0),
(2, 85, 0),
(2, 86, 0),
(2, 87, 0),
(2, 88, 0),
(2, 89, 0),
(2, 90, 0),
(2, 91, 0),
(2, 92, 0),
(2, 93, 0),
(2, 94, 0),
(2, 95, 0),
(2, 96, 0),
(2, 97, 0),
(2, 98, 0),
(2, 99, 0),
(2, 100, 0),
(2, 101, 0),
(2, 102, 0),
(2, 103, 0),
(2, 104, 0),
(2, 105, 0),
(2, 106, 0),
(2, 107, 0),
(2, 108, 0),
(2, 109, 0),
(2, 110, 0),
(2, 111, 0),
(2, 112, 0),
(2, 113, 0),
(2, 114, 0),
(2, 115, 0),
(2, 116, 0),
(2, 117, 0),
(2, 118, 0),
(2, 119, 0),
(2, 120, 0),
(2, 121, 0),
(2, 122, 0),
(2, 123, 0),
(2, 124, 0),
(2, 125, 0),
(2, 126, 0),
(2, 127, 0),
(2, 128, 0),
(2, 129, 0),
(2, 130, 0),
(2, 131, 0),
(2, 132, 0),
(2, 133, 0),
(2, 134, 0),
(2, 135, 0),
(2, 136, 0),
(2, 137, 0),
(2, 138, 0),
(2, 139, 0),
(2, 140, 0),
(2, 141, 0),
(2, 142, 0),
(2, 143, 0),
(2, 144, 0),
(2, 145, 0),
(2, 146, 0),
(2, 147, 0),
(2, 148, 1),
(2, 149, 0),
(2, 150, 0),
(2, 151, 0),
(2, 152, 0),
(2, 153, 0),
(2, 154, 0),
(2, 155, 0),
(2, 156, 0),
(2, 157, 0),
(2, 158, 0),
(2, 159, 0),
(2, 160, 0),
(2, 161, 0),
(2, 162, 0),
(2, 163, 0),
(2, 164, 0),
(2, 165, 0),
(2, 166, 0),
(2, 167, 0),
(2, 168, 0),
(2, 169, 0),
(2, 170, 0),
(2, 171, 0),
(2, 172, 0),
(2, 173, 0),
(2, 174, 0),
(2, 175, 0),
(2, 176, 0),
(2, 177, 0),
(2, 178, 0),
(2, 179, 0),
(2, 180, 0),
(2, 181, 0),
(2, 182, 0),
(2, 183, 0),
(2, 184, 0),
(2, 185, 0),
(2, 186, 0),
(2, 187, 0),
(2, 188, 0),
(2, 189, 0),
(2, 190, 0),
(2, 191, 0),
(2, 192, 0),
(2, 193, 0),
(2, 194, 0),
(2, 195, 0),
(2, 196, 0),
(2, 197, 0),
(2, 198, 0),
(2, 199, 0),
(2, 200, 0),
(2, 201, 0),
(2, 202, 0),
(2, 203, 0),
(2, 204, 0),
(2, 205, 0),
(2, 206, 0),
(2, 207, 0),
(2, 208, 0),
(2, 209, 0),
(2, 210, 1),
(2, 211, 0),
(2, 212, 0),
(2, 213, 0),
(2, 214, 0),
(2, 215, 0),
(2, 216, 0),
(2, 217, 0),
(2, 218, 0),
(2, 219, 0),
(2, 220, 0),
(2, 221, 0),
(2, 222, 0),
(2, 223, 0),
(2, 224, 0),
(2, 225, 0),
(2, 226, 0),
(2, 227, 0),
(2, 228, 0),
(2, 229, 0),
(2, 230, 0),
(2, 231, 0),
(2, 232, 0),
(2, 233, 0),
(2, 234, 0),
(2, 235, 0),
(2, 236, 0),
(2, 237, 0),
(2, 238, 0),
(2, 239, 0),
(2, 240, 0),
(2, 241, 0),
(2, 242, 0),
(2, 243, 0),
(2, 244, 0),
(2, 245, 0),
(2, 246, 0),
(2, 247, 0),
(2, 248, 0),
(2, 249, 0),
(2, 250, 0),
(2, 251, 0),
(2, 252, 0),
(2, 253, 0),
(2, 254, 0),
(2, 255, 0),
(2, 256, 0),
(2, 257, 0),
(2, 258, 0),
(2, 259, 0),
(2, 260, 0),
(2, 261, 0),
(2, 262, 0),
(2, 263, 0),
(2, 264, 0),
(2, 265, 0),
(2, 266, 0),
(2, 267, 0),
(2, 268, 0),
(2, 269, 0),
(2, 270, 0),
(2, 271, 0),
(2, 272, 0),
(2, 273, 0),
(2, 274, 0),
(2, 275, 0),
(2, 276, 0),
(2, 277, 0),
(2, 278, 0),
(2, 279, 0),
(2, 280, 0),
(2, 281, 0),
(2, 282, 0),
(2, 283, 0),
(2, 284, 0),
(2, 285, 0),
(2, 286, 0),
(2, 287, 0),
(2, 288, 0),
(2, 289, 0),
(2, 290, 0),
(2, 291, 0),
(2, 292, 0),
(2, 293, 0),
(2, 294, 0),
(2, 295, 0),
(2, 296, 0),
(2, 297, 0),
(2, 298, 0),
(2, 299, 0),
(2, 300, 0),
(2, 301, 0),
(2, 302, 0),
(2, 303, 0),
(2, 304, 0),
(2, 305, 0),
(2, 306, 0),
(2, 307, 0),
(2, 308, 0),
(2, 309, 0),
(2, 310, 0),
(2, 311, 0),
(2, 312, 0),
(2, 313, 0),
(2, 314, 0),
(2, 315, 0),
(2, 316, 0),
(2, 317, 0),
(2, 318, 0),
(2, 319, 0),
(2, 320, 0),
(2, 321, 0),
(2, 322, 0),
(2, 323, 0),
(2, 324, 0),
(2, 325, 0),
(2, 326, 0),
(2, 327, 0),
(2, 328, 0),
(2, 329, 0),
(2, 330, 0),
(2, 331, 0),
(2, 332, 0),
(2, 333, 0),
(2, 334, 0),
(2, 335, 0),
(2, 336, 0),
(2, 337, 0),
(2, 338, 0),
(2, 339, 0),
(2, 340, 0),
(2, 341, 0),
(2, 342, 0),
(2, 343, 0),
(2, 344, 0),
(2, 345, 0),
(2, 346, 0),
(2, 347, 0),
(2, 348, 0),
(2, 349, 0),
(2, 350, 0),
(2, 351, 0),
(2, 352, 0),
(2, 353, 0),
(2, 354, 0),
(2, 355, 0),
(2, 356, 0),
(2, 357, 0),
(2, 358, 0),
(2, 359, 0),
(2, 360, 0),
(2, 361, 0),
(2, 362, 0),
(2, 363, 0),
(2, 364, 0),
(2, 365, 0),
(2, 366, 0),
(2, 367, 0),
(2, 368, 0),
(2, 369, 0),
(2, 370, 0),
(2, 371, 0),
(2, 372, 0),
(2, 373, 0),
(2, 374, 0),
(2, 375, 0),
(2, 376, 0),
(2, 377, 0),
(2, 378, 0),
(2, 379, 0),
(2, 380, 0),
(2, 381, 0),
(2, 382, 0),
(2, 383, 0),
(2, 384, 0),
(2, 385, 0),
(2, 386, 0),
(2, 387, 0),
(2, 388, 0),
(2, 389, 0),
(2, 390, 0),
(2, 391, 0),
(2, 392, 0),
(2, 393, 0),
(2, 394, 0),
(2, 395, 0),
(2, 396, 0),
(2, 397, 0),
(2, 398, 0),
(2, 399, 0),
(2, 400, 0),
(2, 401, 0),
(2, 402, 0),
(2, 403, 0),
(2, 404, 0),
(2, 405, 0),
(2, 406, 0),
(2, 407, 0),
(2, 408, 0),
(2, 409, 0),
(2, 410, 0),
(2, 411, 0),
(2, 412, 0),
(2, 413, 0),
(2, 414, 0),
(2, 415, 0),
(2, 416, 0),
(2, 417, 0),
(2, 418, 0),
(2, 419, 0),
(2, 420, 0),
(2, 421, 0),
(2, 422, 0),
(2, 423, 0),
(2, 424, 0),
(2, 425, 0),
(2, 426, 0),
(2, 427, 0),
(2, 428, 0),
(2, 429, 0),
(2, 430, 0),
(2, 431, 0),
(2, 432, 0),
(2, 433, 0),
(2, 434, 0),
(2, 435, 0),
(2, 436, 0),
(2, 437, 0),
(2, 438, 0),
(2, 439, 0),
(2, 440, 0),
(2, 441, 0),
(2, 442, 0),
(2, 443, 0),
(2, 444, 0),
(2, 445, 0),
(2, 446, 0),
(2, 447, 0),
(2, 448, 0),
(2, 449, 0),
(2, 450, 0),
(2, 451, 0),
(2, 452, 0),
(2, 453, 0),
(2, 454, 0),
(2, 455, 0),
(2, 456, 0),
(2, 457, 0),
(2, 458, 0),
(2, 459, 0),
(2, 460, 0),
(2, 461, 0),
(2, 462, 0),
(2, 463, 0),
(2, 464, 0),
(2, 465, 0),
(2, 466, 0),
(2, 467, 0),
(2, 468, 0),
(2, 469, 0),
(2, 470, 0),
(2, 471, 0),
(2, 472, 0),
(2, 473, 0),
(2, 474, 0),
(2, 475, 0),
(2, 476, 0),
(2, 477, 0),
(2, 478, 0),
(2, 479, 0),
(2, 480, 0),
(2, 481, 0),
(2, 482, 0),
(2, 483, 0),
(2, 484, 0),
(2, 485, 0),
(2, 486, 0),
(2, 487, 0),
(2, 488, 0),
(2, 489, 0),
(2, 490, 0),
(2, 491, 0),
(2, 492, 0),
(2, 493, 0),
(2, 494, 0),
(2, 495, 0),
(2, 496, 0),
(2, 497, 0),
(2, 498, 0),
(2, 499, 0),
(2, 500, 0),
(2, 501, 0),
(2, 502, 0),
(2, 503, 0),
(2, 504, 0),
(2, 505, 0),
(2, 506, 0),
(2, 507, 0),
(2, 508, 0),
(2, 509, 0),
(2, 510, 0),
(2, 511, 0),
(2, 512, 0),
(2, 513, 0),
(2, 514, 0),
(2, 515, 0),
(2, 516, 0),
(2, 517, 0),
(2, 518, 0),
(2, 519, 0),
(2, 520, 0),
(2, 521, 0),
(2, 522, 0),
(2, 523, 0),
(2, 524, 0),
(2, 525, 0),
(2, 526, 0),
(2, 527, 0),
(2, 528, 0),
(2, 529, 0),
(2, 530, 0),
(2, 531, 0),
(2, 532, 0),
(2, 533, 0),
(2, 534, 0),
(2, 535, 0),
(2, 536, 0),
(2, 537, 0),
(2, 538, 0),
(2, 539, 0),
(2, 540, 0),
(2, 541, 0),
(2, 542, 0),
(2, 543, 0),
(2, 544, 0),
(2, 545, 0),
(2, 546, 0),
(2, 547, 0),
(2, 548, 1),
(2, 549, 0),
(2, 550, 0),
(2, 551, 0),
(2, 552, 0),
(2, 553, 0),
(2, 554, 0),
(2, 555, 0),
(2, 556, 0),
(2, 557, 0),
(2, 558, 0),
(2, 559, 0),
(2, 560, 0),
(2, 561, 0),
(2, 562, 0),
(2, 563, 0),
(2, 564, 0),
(2, 565, 0),
(2, 566, 0),
(2, 567, 0),
(2, 568, 0),
(2, 569, 0),
(2, 570, 0),
(2, 571, 0),
(2, 572, 1),
(2, 573, 0),
(2, 574, 0),
(2, 575, 0),
(2, 576, 0),
(2, 577, 0),
(2, 578, 0),
(2, 579, 0),
(2, 580, 0),
(2, 581, 0),
(2, 582, 0),
(2, 583, 0),
(2, 584, 0),
(2, 585, 0),
(2, 586, 0),
(2, 587, 0),
(2, 588, 0),
(2, 589, 0),
(2, 590, 0),
(2, 591, 0),
(2, 592, 0),
(2, 593, 0),
(2, 594, 0),
(2, 595, 0),
(2, 596, 0),
(2, 597, 0),
(2, 598, 0),
(2, 599, 0),
(2, 600, 0),
(2, 601, 0),
(2, 602, 0),
(2, 603, 0),
(2, 604, 0),
(2, 605, 0),
(2, 606, 0),
(2, 607, 0),
(2, 608, 0),
(2, 609, 0),
(2, 610, 0),
(2, 611, 0),
(2, 612, 0),
(2, 613, 0),
(2, 614, 0),
(2, 615, 0),
(2, 616, 0),
(2, 617, 0),
(2, 618, 0),
(2, 619, 0),
(2, 620, 0),
(2, 621, 0),
(2, 622, 0),
(2, 623, 0),
(2, 624, 0),
(2, 625, 0),
(2, 626, 0),
(2, 627, 0),
(2, 628, 0),
(2, 629, 0),
(2, 630, 0),
(2, 631, 0),
(2, 632, 0),
(2, 633, 0),
(2, 634, 0),
(2, 635, 0),
(2, 636, 0),
(2, 637, 0),
(2, 638, 0),
(2, 639, 0),
(2, 640, 0),
(2, 641, 0),
(2, 642, 0),
(2, 643, 0),
(2, 644, 0),
(2, 645, 0),
(2, 646, 0),
(2, 647, 0),
(2, 648, 0),
(2, 649, 0),
(2, 650, 0),
(2, 651, 0),
(2, 652, 0),
(2, 653, 0),
(2, 654, 0),
(2, 655, 0),
(2, 656, 0),
(2, 657, 0),
(2, 658, 0),
(2, 659, 0),
(2, 660, 0),
(2, 661, 0),
(2, 662, 0),
(2, 663, 0),
(2, 664, 0),
(2, 665, 0),
(2, 666, 0),
(2, 667, 0),
(2, 668, 0),
(2, 669, 0),
(2, 670, 0),
(2, 671, 0),
(2, 672, 0),
(2, 673, 0),
(2, 674, 0),
(2, 675, 0),
(2, 676, 0),
(2, 677, 0),
(2, 678, 0),
(2, 679, 0),
(2, 680, 0),
(2, 681, 0),
(2, 682, 0),
(2, 683, 1),
(2, 684, 0),
(2, 685, 0),
(2, 686, 0),
(2, 687, 0),
(2, 688, 0),
(2, 689, 0),
(2, 690, 0),
(2, 691, 0),
(2, 692, 0),
(2, 693, 0),
(2, 694, 0),
(2, 695, 0),
(2, 696, 0),
(2, 697, 0),
(2, 698, 0),
(2, 699, 0),
(2, 700, 1),
(2, 701, 0),
(2, 702, 0),
(2, 703, 0),
(2, 704, 0),
(2, 705, 0),
(2, 706, 0),
(2, 707, 1),
(2, 708, 0),
(2, 709, 0),
(2, 710, 0),
(2, 711, 0),
(2, 712, 0),
(2, 713, 0),
(2, 714, 0),
(2, 715, 0),
(2, 716, 0),
(2, 717, 0),
(2, 718, 0),
(2, 719, 0),
(2, 720, 0),
(2, 721, 0),
(2, 722, 0),
(2, 723, 0),
(2, 724, 0),
(2, 725, 0),
(2, 726, 0),
(2, 727, 0),
(2, 728, 0),
(2, 729, 0),
(2, 730, 0),
(2, 731, 0),
(2, 732, 0),
(2, 733, 0),
(2, 734, 0),
(2, 735, 0),
(2, 736, 0),
(2, 737, 0),
(2, 738, 0),
(2, 739, 0),
(2, 740, 0),
(2, 741, 0),
(2, 742, 0),
(2, 743, 0),
(2, 744, 0),
(2, 745, 0),
(2, 746, 0),
(2, 747, 0),
(2, 748, 0),
(2, 749, 0),
(2, 750, 0),
(2, 751, 0),
(2, 752, 0),
(2, 753, 0),
(2, 754, 0),
(2, 755, 0),
(2, 756, 0),
(2, 757, 0),
(2, 758, 0),
(2, 759, 0),
(2, 760, 0),
(2, 761, 0),
(2, 762, 0),
(2, 763, 0),
(2, 764, 0),
(2, 765, 0),
(2, 766, 0),
(2, 767, 0),
(2, 768, 0),
(2, 769, 0),
(2, 770, 0),
(2, 771, 0),
(2, 772, 0),
(2, 773, 0),
(2, 774, 0),
(2, 775, 0),
(2, 776, 0),
(2, 777, 0),
(2, 778, 0),
(2, 779, 0),
(2, 780, 0),
(2, 781, 0),
(2, 782, 0),
(2, 783, 0),
(2, 784, 0),
(2, 785, 0),
(2, 786, 0),
(2, 787, 0),
(2, 788, 0),
(2, 789, 0),
(2, 790, 0),
(2, 791, 0),
(2, 792, 0),
(2, 793, 0),
(2, 794, 0),
(2, 795, 0),
(2, 796, 0),
(2, 797, 0),
(2, 798, 0),
(2, 799, 0),
(2, 800, 0),
(2, 801, 0),
(2, 802, 0),
(2, 803, 0),
(2, 804, 0),
(2, 805, 0),
(2, 806, 0),
(2, 807, 0),
(2, 808, 0),
(2, 809, 0),
(2, 810, 0),
(2, 811, 0),
(2, 812, 0),
(2, 813, 0),
(2, 814, 0),
(2, 815, 0),
(2, 816, 0),
(2, 817, 0),
(2, 818, 0),
(2, 819, 0),
(2, 820, 0),
(2, 821, 0),
(2, 822, 0),
(2, 823, 0),
(2, 824, 0),
(2, 825, 0),
(2, 826, 0),
(2, 827, 0),
(2, 828, 0),
(2, 829, 0),
(2, 830, 0),
(2, 831, 0),
(2, 832, 0),
(2, 833, 0),
(2, 834, 0),
(2, 835, 0),
(2, 836, 0),
(2, 837, 0),
(2, 838, 0),
(2, 839, 0),
(2, 840, 0),
(2, 841, 0),
(2, 842, 0),
(2, 843, 0),
(2, 844, 0),
(2, 845, 0),
(2, 846, 0),
(2, 847, 0),
(2, 848, 0),
(2, 849, 0),
(2, 850, 0),
(2, 851, 0),
(2, 852, 0),
(2, 853, 0),
(2, 854, 0),
(2, 855, 0),
(2, 856, 0),
(2, 857, 0),
(2, 858, 0),
(2, 859, 0),
(2, 860, 0),
(2, 861, 0),
(2, 862, 0),
(2, 863, 0),
(2, 864, 0),
(2, 865, 0),
(2, 866, 0),
(2, 867, 0),
(2, 868, 0),
(2, 869, 0),
(2, 870, 0),
(2, 871, 0),
(2, 872, 0),
(2, 873, 0),
(2, 874, 0),
(2, 875, 0),
(2, 876, 0),
(2, 877, 0),
(2, 878, 0),
(2, 879, 0),
(2, 880, 0),
(2, 881, 0),
(2, 882, 0),
(2, 883, 0),
(2, 884, 0),
(2, 885, 0),
(2, 886, 0),
(2, 887, 0),
(2, 888, 0),
(2, 889, 0),
(2, 890, 0),
(2, 891, 1),
(2, 892, 0),
(2, 893, 0),
(2, 894, 0),
(2, 895, 0),
(2, 896, 0),
(2, 897, 0),
(2, 898, 0),
(2, 899, 0),
(2, 900, 0),
(2, 901, 0),
(2, 902, 0),
(2, 903, 0),
(2, 904, 0),
(2, 905, 0),
(2, 906, 0),
(2, 907, 0),
(2, 908, 0),
(2, 909, 0),
(2, 910, 0),
(2, 911, 0),
(2, 912, 0),
(2, 913, 0),
(2, 914, 0),
(2, 915, 0),
(2, 916, 0),
(2, 917, 0),
(2, 918, 0),
(2, 919, 0),
(2, 920, 0),
(2, 921, 0),
(2, 922, 0),
(2, 923, 0),
(2, 924, 0),
(2, 925, 0),
(2, 926, 0),
(2, 927, 0),
(2, 928, 0),
(2, 929, 0),
(2, 930, 0),
(2, 931, 0),
(2, 932, 0),
(2, 933, 0),
(2, 934, 0),
(2, 935, 0),
(2, 936, 0),
(2, 937, 0),
(2, 938, 0),
(2, 939, 0),
(2, 940, 0),
(2, 941, 0),
(2, 942, 0),
(2, 943, 0),
(2, 944, 0),
(2, 945, 0),
(2, 946, 0),
(2, 947, 0),
(2, 948, 0),
(2, 949, 0),
(2, 950, 0),
(2, 951, 0),
(2, 952, 0),
(2, 953, 0),
(2, 954, 0),
(2, 955, 0),
(2, 956, 0),
(2, 957, 0),
(2, 958, 0),
(2, 959, 0),
(2, 960, 0),
(2, 961, 0),
(2, 962, 0),
(2, 963, 0),
(2, 964, 0),
(2, 965, 0),
(2, 966, 0),
(2, 967, 0),
(2, 968, 0),
(2, 969, 0),
(2, 970, 0),
(2, 971, 0),
(2, 972, 0),
(2, 973, 0),
(2, 974, 0),
(2, 975, 0),
(2, 976, 0),
(2, 977, 0),
(2, 978, 0),
(2, 979, 0),
(2, 980, 0),
(2, 981, 0),
(2, 982, 0),
(2, 983, 0),
(2, 984, 0),
(2, 985, 0),
(2, 986, 0),
(2, 987, 0),
(2, 988, 0),
(2, 989, 0),
(2, 990, 0),
(2, 991, 0),
(2, 992, 0),
(2, 993, 0),
(2, 994, 0),
(2, 995, 0),
(2, 996, 0),
(2, 997, 0),
(2, 998, 0),
(2, 999, 0),
(2, 1000, 0),
(2, 1001, 0),
(3, 2, 0),
(3, 3, 0),
(3, 4, 0),
(3, 5, 0),
(3, 6, 0),
(3, 7, 0),
(3, 8, 0),
(3, 9, 0),
(3, 10, 0),
(3, 11, 0),
(3, 12, 0),
(3, 13, 0),
(3, 14, 0),
(3, 15, 0),
(3, 16, 0),
(3, 17, 0),
(3, 18, 0),
(3, 19, 0),
(3, 20, 0),
(3, 21, 0),
(3, 22, 0),
(3, 23, 0),
(3, 24, 0),
(3, 25, 0),
(3, 26, 0),
(3, 27, 0),
(3, 28, 1),
(3, 29, 0),
(3, 30, 1),
(3, 31, 1),
(3, 32, 0),
(3, 33, 0),
(3, 34, 0),
(3, 35, 0),
(3, 36, 0),
(3, 37, 0),
(3, 38, 0),
(3, 39, 0),
(3, 40, 1),
(3, 41, 0),
(3, 42, 0),
(3, 43, 0),
(3, 44, 1),
(3, 45, 0),
(3, 46, 0),
(3, 47, 0),
(3, 48, 0),
(3, 49, 0),
(3, 50, 1),
(3, 51, 0),
(3, 52, 0),
(3, 53, 0),
(3, 54, 0),
(3, 55, 0),
(3, 56, 0),
(3, 57, 0),
(3, 58, 0),
(3, 59, 0),
(3, 60, 0),
(3, 61, 0),
(3, 62, 0),
(3, 63, 0),
(3, 64, 0),
(3, 65, 0),
(3, 66, 0),
(3, 67, 0),
(3, 68, 0),
(3, 69, 0),
(3, 70, 0),
(3, 71, 0),
(3, 72, 0),
(3, 73, 0),
(3, 74, 0),
(3, 75, 0),
(3, 76, 0),
(3, 77, 0),
(3, 78, 0),
(3, 79, 0),
(3, 80, 0),
(3, 81, 0),
(3, 82, 0),
(3, 83, 0),
(3, 84, 0),
(3, 85, 0),
(3, 86, 0),
(3, 87, 0),
(3, 88, 0),
(3, 89, 0),
(3, 90, 0),
(3, 91, 0),
(3, 92, 0),
(3, 93, 0),
(3, 94, 0),
(3, 95, 0),
(3, 96, 0),
(3, 97, 0),
(3, 98, 0),
(3, 99, 0),
(3, 100, 0),
(3, 101, 0),
(3, 102, 0),
(3, 103, 0),
(3, 104, 0),
(3, 105, 0),
(3, 106, 0),
(3, 107, 0),
(3, 108, 0),
(3, 109, 0),
(3, 110, 0),
(3, 111, 0),
(3, 112, 0),
(3, 113, 0),
(3, 114, 0),
(3, 115, 0),
(3, 116, 0),
(3, 117, 0),
(3, 118, 0),
(3, 119, 0),
(3, 120, 0),
(3, 121, 0),
(3, 122, 0),
(3, 123, 0),
(3, 124, 0),
(3, 125, 0),
(3, 126, 0),
(3, 127, 0),
(3, 128, 0),
(3, 129, 0),
(3, 130, 0),
(3, 131, 0),
(3, 132, 0),
(3, 133, 0),
(3, 134, 1),
(3, 135, 0),
(3, 136, 0),
(3, 137, 0),
(3, 138, 0),
(3, 139, 0),
(3, 140, 0),
(3, 141, 0),
(3, 142, 0),
(3, 143, 0),
(3, 144, 0),
(3, 145, 0),
(3, 146, 1),
(3, 147, 0),
(3, 148, 0),
(3, 149, 0),
(3, 150, 0),
(3, 151, 0),
(3, 152, 0),
(3, 153, 0),
(3, 154, 0),
(3, 155, 0),
(3, 156, 0),
(3, 157, 0),
(3, 158, 0),
(3, 159, 0),
(3, 160, 0),
(3, 161, 0),
(3, 162, 0),
(3, 163, 0),
(3, 164, 0),
(3, 165, 0),
(3, 166, 0),
(3, 167, 0),
(3, 168, 0),
(3, 169, 0),
(3, 170, 0),
(3, 171, 0),
(3, 172, 0),
(3, 173, 0),
(3, 174, 0),
(3, 175, 0),
(3, 176, 0),
(3, 177, 0),
(3, 178, 0),
(3, 179, 0),
(3, 180, 0),
(3, 181, 0),
(3, 182, 0),
(3, 183, 0),
(3, 184, 0),
(3, 185, 0),
(3, 186, 0),
(3, 187, 0),
(3, 188, 0),
(3, 189, 0),
(3, 190, 0),
(3, 191, 0),
(3, 192, 0),
(3, 193, 0),
(3, 194, 0),
(3, 195, 0),
(3, 196, 0),
(3, 197, 0),
(3, 198, 0),
(3, 199, 0),
(3, 200, 0),
(3, 201, 0),
(3, 202, 0),
(3, 203, 0),
(3, 204, 0),
(3, 205, 0),
(3, 206, 0),
(3, 207, 0),
(3, 208, 0),
(3, 209, 0),
(3, 210, 0),
(3, 211, 0),
(3, 212, 0),
(3, 213, 0),
(3, 214, 0),
(3, 215, 0),
(3, 216, 0),
(3, 217, 0),
(3, 218, 0),
(3, 219, 0),
(3, 220, 0),
(3, 221, 0),
(3, 222, 0),
(3, 223, 0),
(3, 224, 0),
(3, 225, 0),
(3, 226, 0),
(3, 227, 0),
(3, 228, 0),
(3, 229, 0),
(3, 230, 0),
(3, 231, 0),
(3, 232, 0),
(3, 233, 0),
(3, 234, 1),
(3, 235, 0),
(3, 236, 0),
(3, 237, 0),
(3, 238, 0),
(3, 239, 0),
(3, 240, 0),
(3, 241, 0),
(3, 242, 0),
(3, 243, 0),
(3, 244, 0),
(3, 245, 0),
(3, 246, 0),
(3, 247, 0),
(3, 248, 0),
(3, 249, 0),
(3, 250, 0),
(3, 251, 0),
(3, 252, 0),
(3, 253, 0),
(3, 254, 0),
(3, 255, 0),
(3, 256, 0),
(3, 257, 0),
(3, 258, 0),
(3, 259, 0),
(3, 260, 0),
(3, 261, 0),
(3, 262, 0),
(3, 263, 0),
(3, 264, 0),
(3, 265, 0),
(3, 266, 0),
(3, 267, 0),
(3, 268, 0),
(3, 269, 0),
(3, 270, 0),
(3, 271, 0),
(3, 272, 0),
(3, 273, 0),
(3, 274, 0),
(3, 275, 0),
(3, 276, 0),
(3, 277, 0),
(3, 278, 0),
(3, 279, 0),
(3, 280, 0),
(3, 281, 0),
(3, 282, 0),
(3, 283, 0),
(3, 284, 0),
(3, 285, 0),
(3, 286, 0),
(3, 287, 0),
(3, 288, 0),
(3, 289, 0),
(3, 290, 0),
(3, 291, 0),
(3, 292, 0),
(3, 293, 0),
(3, 294, 0),
(3, 295, 0),
(3, 296, 0),
(3, 297, 0),
(3, 298, 0),
(3, 299, 0),
(3, 300, 0),
(3, 301, 0),
(3, 302, 0),
(3, 303, 0),
(3, 304, 0),
(3, 305, 0),
(3, 306, 0),
(3, 307, 0),
(3, 308, 0),
(3, 309, 0),
(3, 310, 0),
(3, 311, 0),
(3, 312, 0),
(3, 313, 0),
(3, 314, 0),
(3, 315, 0),
(3, 316, 0),
(3, 317, 0),
(3, 318, 0),
(3, 319, 0),
(3, 320, 0),
(3, 321, 0),
(3, 322, 0),
(3, 323, 0),
(3, 324, 0),
(3, 325, 0),
(3, 326, 0),
(3, 327, 0),
(3, 328, 0),
(3, 329, 0),
(3, 330, 0),
(3, 331, 0),
(3, 332, 0),
(3, 333, 0),
(3, 334, 0),
(3, 335, 0),
(3, 336, 0),
(3, 337, 0),
(3, 338, 0),
(3, 339, 0),
(3, 340, 0),
(3, 341, 0),
(3, 342, 0),
(3, 343, 0),
(3, 344, 0),
(3, 345, 0),
(3, 346, 0),
(3, 347, 0),
(3, 348, 0),
(3, 349, 0),
(3, 350, 0),
(3, 351, 0),
(3, 352, 0),
(3, 353, 0),
(3, 354, 0),
(3, 355, 0),
(3, 356, 0),
(3, 357, 0),
(3, 358, 0),
(3, 359, 0),
(3, 360, 0),
(3, 361, 0),
(3, 362, 0),
(3, 363, 0),
(3, 364, 0),
(3, 365, 0),
(3, 366, 0),
(3, 367, 0),
(3, 368, 0),
(3, 369, 0),
(3, 370, 0),
(3, 371, 0),
(3, 372, 0),
(3, 373, 0),
(3, 374, 0),
(3, 375, 1),
(3, 376, 0),
(3, 377, 1),
(3, 378, 0),
(3, 379, 1),
(3, 380, 0),
(3, 381, 0),
(3, 382, 0),
(3, 383, 0),
(3, 384, 0),
(3, 385, 0),
(3, 386, 0),
(3, 387, 0),
(3, 388, 0),
(3, 389, 0),
(3, 390, 0),
(3, 391, 0),
(3, 392, 0),
(3, 393, 0),
(3, 394, 0),
(3, 395, 0),
(3, 396, 0),
(3, 397, 0),
(3, 398, 0),
(3, 399, 0),
(3, 400, 0),
(3, 401, 0),
(3, 402, 0),
(3, 403, 0),
(3, 404, 0),
(3, 405, 0),
(3, 406, 0),
(3, 407, 0),
(3, 408, 0),
(3, 409, 0),
(3, 410, 0),
(3, 411, 0),
(3, 412, 0),
(3, 413, 0),
(3, 414, 0),
(3, 415, 0),
(3, 416, 0),
(3, 417, 0),
(3, 418, 0),
(3, 419, 0),
(3, 420, 0),
(3, 421, 0),
(3, 422, 0),
(3, 423, 0),
(3, 424, 0),
(3, 425, 0),
(3, 426, 0),
(3, 427, 0),
(3, 428, 0),
(3, 429, 0),
(3, 430, 0),
(3, 431, 0),
(3, 432, 0),
(3, 433, 0),
(3, 434, 0),
(3, 435, 0),
(3, 436, 0),
(3, 437, 0),
(3, 438, 0),
(3, 439, 0),
(3, 440, 0),
(3, 441, 0),
(3, 442, 0),
(3, 443, 0),
(3, 444, 0),
(3, 445, 0),
(3, 446, 0),
(3, 447, 0),
(3, 448, 0),
(3, 449, 0),
(3, 450, 0),
(3, 451, 0),
(3, 452, 0),
(3, 453, 0),
(3, 454, 0),
(3, 455, 0),
(3, 456, 0),
(3, 457, 0),
(3, 458, 0),
(3, 459, 0),
(3, 460, 0),
(3, 461, 0),
(3, 462, 0),
(3, 463, 0),
(3, 464, 0),
(3, 465, 0),
(3, 466, 0),
(3, 467, 0),
(3, 468, 0),
(3, 469, 0),
(3, 470, 0),
(3, 471, 0),
(3, 472, 0),
(3, 473, 0),
(3, 474, 0),
(3, 475, 0),
(3, 476, 0),
(3, 477, 0),
(3, 478, 0),
(3, 479, 0),
(3, 480, 0),
(3, 481, 0),
(3, 482, 0),
(3, 483, 0),
(3, 484, 0),
(3, 485, 0),
(3, 486, 0),
(3, 487, 0),
(3, 488, 0),
(3, 489, 0),
(3, 490, 0),
(3, 491, 0),
(3, 492, 0),
(3, 493, 0),
(3, 494, 0),
(3, 495, 0),
(3, 496, 0),
(3, 497, 0),
(3, 498, 0),
(3, 499, 0),
(3, 500, 0),
(3, 501, 0),
(3, 502, 0),
(3, 503, 0),
(3, 504, 0),
(3, 505, 0),
(3, 506, 0),
(3, 507, 0),
(3, 508, 1),
(3, 509, 0),
(3, 510, 0),
(3, 511, 0),
(3, 512, 0),
(3, 513, 0),
(3, 514, 0),
(3, 515, 0),
(3, 516, 0),
(3, 517, 0),
(3, 518, 0),
(3, 519, 0),
(3, 520, 0),
(3, 521, 0),
(3, 522, 0),
(3, 523, 0),
(3, 524, 0),
(3, 525, 0),
(3, 526, 0),
(3, 527, 0),
(3, 528, 0),
(3, 529, 0),
(3, 530, 0),
(3, 531, 0),
(3, 532, 0),
(3, 533, 0),
(3, 534, 0),
(3, 535, 0),
(3, 536, 0),
(3, 537, 0),
(3, 538, 0),
(3, 539, 0),
(3, 540, 0),
(3, 541, 0),
(3, 542, 0),
(3, 543, 0),
(3, 544, 0),
(3, 545, 0),
(3, 546, 0),
(3, 547, 0),
(3, 548, 0),
(3, 549, 0),
(3, 550, 0),
(3, 551, 0),
(3, 552, 0),
(3, 553, 0),
(3, 554, 0),
(3, 555, 0),
(3, 556, 0),
(3, 557, 0),
(3, 558, 0),
(3, 559, 0),
(3, 560, 0),
(3, 561, 0),
(3, 562, 0),
(3, 563, 0),
(3, 564, 0),
(3, 565, 0),
(3, 566, 0),
(3, 567, 0),
(3, 568, 0),
(3, 569, 0),
(3, 570, 0),
(3, 571, 0),
(3, 572, 0),
(3, 573, 0),
(3, 574, 0),
(3, 575, 0),
(3, 576, 0),
(3, 577, 0),
(3, 578, 0),
(3, 579, 0),
(3, 580, 0),
(3, 581, 0),
(3, 582, 0),
(3, 583, 0),
(3, 584, 0),
(3, 585, 0),
(3, 586, 0),
(3, 587, 0),
(3, 588, 0),
(3, 589, 1),
(3, 590, 0),
(3, 591, 0),
(3, 592, 0),
(3, 593, 0),
(3, 594, 0),
(3, 595, 0),
(3, 596, 0),
(3, 597, 0),
(3, 598, 0),
(3, 599, 0),
(3, 600, 0),
(3, 601, 0),
(3, 602, 0),
(3, 603, 0),
(3, 604, 1),
(3, 605, 0),
(3, 606, 0),
(3, 607, 0),
(3, 608, 0),
(3, 609, 0),
(3, 610, 0),
(3, 611, 0),
(3, 612, 0),
(3, 613, 0),
(3, 614, 0),
(3, 615, 0),
(3, 616, 0),
(3, 617, 0),
(3, 618, 0),
(3, 619, 0),
(3, 620, 0),
(3, 621, 0),
(3, 622, 0),
(3, 623, 0),
(3, 624, 0),
(3, 625, 0),
(3, 626, 0),
(3, 627, 0),
(3, 628, 0),
(3, 629, 0),
(3, 630, 0),
(3, 631, 0),
(3, 632, 0),
(3, 633, 0),
(3, 634, 0),
(3, 635, 0),
(3, 636, 0),
(3, 637, 0),
(3, 638, 0),
(3, 639, 0),
(3, 640, 0),
(3, 641, 0),
(3, 642, 0),
(3, 643, 0),
(3, 644, 0),
(3, 645, 1),
(3, 646, 0),
(3, 647, 0),
(3, 648, 0),
(3, 649, 0),
(3, 650, 0),
(3, 651, 0),
(3, 652, 0),
(3, 653, 1),
(3, 654, 0),
(3, 655, 0),
(3, 656, 0),
(3, 657, 0),
(3, 658, 0),
(3, 659, 0),
(3, 660, 0),
(3, 661, 0),
(3, 662, 0),
(3, 663, 0),
(3, 664, 0),
(3, 665, 0),
(3, 666, 1),
(3, 667, 0),
(3, 668, 0),
(3, 669, 0),
(3, 670, 0),
(3, 671, 0),
(3, 672, 0),
(3, 673, 0),
(3, 674, 0),
(3, 675, 0),
(3, 676, 0),
(3, 677, 0),
(3, 678, 0),
(3, 679, 0),
(3, 680, 0),
(3, 681, 0),
(3, 682, 0),
(3, 683, 0),
(3, 684, 0),
(3, 685, 0),
(3, 686, 0),
(3, 687, 0),
(3, 688, 1),
(3, 689, 0),
(3, 690, 0),
(3, 691, 0),
(3, 692, 0),
(3, 693, 0),
(3, 694, 0),
(3, 695, 0),
(3, 696, 0),
(3, 697, 0),
(3, 698, 0),
(3, 699, 0),
(3, 700, 0),
(3, 701, 0),
(3, 702, 0),
(3, 703, 0),
(3, 704, 0),
(3, 705, 0),
(3, 706, 0),
(3, 707, 0),
(3, 708, 0),
(3, 709, 0),
(3, 710, 0),
(3, 711, 0),
(3, 712, 0),
(3, 713, 1),
(3, 714, 0),
(3, 715, 0),
(3, 716, 0),
(3, 717, 0),
(3, 718, 0),
(3, 719, 0),
(3, 720, 0),
(3, 721, 0),
(3, 722, 0),
(3, 723, 0),
(3, 724, 0),
(3, 725, 0),
(3, 726, 0),
(3, 727, 0),
(3, 728, 0),
(3, 729, 0),
(3, 730, 0),
(3, 731, 0),
(3, 732, 0),
(3, 733, 0),
(3, 734, 0),
(3, 735, 0),
(3, 736, 0),
(3, 737, 0),
(3, 738, 0),
(3, 739, 0),
(3, 740, 0),
(3, 741, 0),
(3, 742, 0),
(3, 743, 0),
(3, 744, 0),
(3, 745, 0),
(3, 746, 0),
(3, 747, 0),
(3, 748, 0),
(3, 749, 0),
(3, 750, 0),
(3, 751, 0),
(3, 752, 0),
(3, 753, 0),
(3, 754, 0),
(3, 755, 0),
(3, 756, 0),
(3, 757, 0),
(3, 758, 0),
(3, 759, 0),
(3, 760, 0),
(3, 761, 0),
(3, 762, 0),
(3, 763, 0),
(3, 764, 0),
(3, 765, 0),
(3, 766, 0),
(3, 767, 0),
(3, 768, 0),
(3, 769, 0),
(3, 770, 0),
(3, 771, 0),
(3, 772, 0),
(3, 773, 0),
(3, 774, 0),
(3, 775, 0),
(3, 776, 0),
(3, 777, 0),
(3, 778, 0),
(3, 779, 0),
(3, 780, 0),
(3, 781, 0),
(3, 782, 0),
(3, 783, 0),
(3, 784, 0),
(3, 785, 0),
(3, 786, 0),
(3, 787, 0),
(3, 788, 0),
(3, 789, 0),
(3, 790, 0),
(3, 791, 0),
(3, 792, 0),
(3, 793, 0),
(3, 794, 0),
(3, 795, 0),
(3, 796, 0),
(3, 797, 0),
(3, 798, 0),
(3, 799, 0),
(3, 800, 0),
(3, 801, 0),
(3, 802, 0),
(3, 803, 0),
(3, 804, 0),
(3, 805, 0),
(3, 806, 0),
(3, 807, 0),
(3, 808, 0),
(3, 809, 0),
(3, 810, 0),
(3, 811, 0),
(3, 812, 0),
(3, 813, 0),
(3, 814, 0),
(3, 815, 0),
(3, 816, 0),
(3, 817, 0),
(3, 818, 0),
(3, 819, 0),
(3, 820, 0),
(3, 821, 0),
(3, 822, 0),
(3, 823, 0),
(3, 824, 0),
(3, 825, 0),
(3, 826, 0),
(3, 827, 0),
(3, 828, 0),
(3, 829, 0),
(3, 830, 0),
(3, 831, 0),
(3, 832, 0),
(3, 833, 0),
(3, 834, 0),
(3, 835, 0),
(3, 836, 0),
(3, 837, 0),
(3, 838, 0),
(3, 839, 0),
(3, 840, 0),
(3, 841, 0),
(3, 842, 0),
(3, 843, 0),
(3, 844, 0),
(3, 845, 0),
(3, 846, 0),
(3, 847, 0),
(3, 848, 0),
(3, 849, 0),
(3, 850, 0),
(3, 851, 0),
(3, 852, 0),
(3, 853, 0),
(3, 854, 0),
(3, 855, 0),
(3, 856, 0),
(3, 857, 0),
(3, 858, 0),
(3, 859, 0),
(3, 860, 0),
(3, 861, 0),
(3, 862, 0),
(3, 863, 0),
(3, 864, 0),
(3, 865, 0),
(3, 866, 0),
(3, 867, 0),
(3, 868, 0),
(3, 869, 0),
(3, 870, 0),
(3, 871, 0),
(3, 872, 0),
(3, 873, 0),
(3, 874, 0),
(3, 875, 0),
(3, 876, 0),
(3, 877, 0),
(3, 878, 0),
(3, 879, 0),
(3, 880, 0),
(3, 881, 0),
(3, 882, 0),
(3, 883, 0),
(3, 884, 0),
(3, 885, 0),
(3, 886, 0),
(3, 887, 0),
(3, 888, 0),
(3, 889, 0),
(3, 890, 0),
(3, 891, 0),
(3, 892, 0),
(3, 893, 0),
(3, 894, 0),
(3, 895, 0),
(3, 896, 0),
(3, 897, 0),
(3, 898, 0),
(3, 899, 0),
(3, 900, 0),
(3, 901, 0),
(3, 902, 0),
(3, 903, 0),
(3, 904, 0),
(3, 905, 0),
(3, 906, 0),
(3, 907, 0),
(3, 908, 0),
(3, 909, 0),
(3, 910, 0),
(3, 911, 0),
(3, 912, 0),
(3, 913, 0),
(3, 914, 0),
(3, 915, 0),
(3, 916, 0),
(3, 917, 0),
(3, 918, 0),
(3, 919, 0),
(3, 920, 0),
(3, 921, 0),
(3, 922, 0),
(3, 923, 0),
(3, 924, 0),
(3, 925, 0),
(3, 926, 0),
(3, 927, 0),
(3, 928, 1),
(3, 929, 0),
(3, 930, 0),
(3, 931, 0),
(3, 932, 0),
(3, 933, 0),
(3, 934, 0),
(3, 935, 0),
(3, 936, 0),
(3, 937, 0),
(3, 938, 0),
(3, 939, 0),
(3, 940, 0),
(3, 941, 0),
(3, 942, 0),
(3, 943, 0),
(3, 944, 0),
(3, 945, 0),
(3, 946, 0),
(3, 947, 0),
(3, 948, 0),
(3, 949, 0),
(3, 950, 0),
(3, 951, 0),
(3, 952, 0),
(3, 953, 0),
(3, 954, 0),
(3, 955, 0),
(3, 956, 0),
(3, 957, 0),
(3, 958, 0),
(3, 959, 0),
(3, 960, 0),
(3, 961, 0),
(3, 962, 0),
(3, 963, 0),
(3, 964, 0),
(3, 965, 0),
(3, 966, 0),
(3, 967, 0),
(3, 968, 0),
(3, 969, 0),
(3, 970, 0),
(3, 971, 0),
(3, 972, 1),
(3, 973, 0),
(3, 974, 0),
(3, 975, 0),
(3, 976, 0),
(3, 977, 0),
(3, 978, 0),
(3, 979, 0),
(3, 980, 0),
(3, 981, 0),
(3, 982, 0),
(3, 983, 0),
(3, 984, 0),
(3, 985, 0),
(3, 986, 0),
(3, 987, 0),
(3, 988, 0),
(3, 989, 0),
(3, 990, 0),
(3, 991, 0),
(3, 992, 0),
(3, 993, 0),
(3, 994, 0),
(3, 995, 0),
(3, 996, 0),
(3, 997, 0),
(3, 998, 0),
(3, 999, 0),
(3, 1000, 0),
(3, 1001, 1),
(4, 2, 0),
(4, 3, 0),
(4, 4, 0),
(4, 5, 0),
(4, 6, 0),
(4, 7, 1),
(4, 8, 0),
(4, 9, 1),
(4, 10, 0),
(4, 11, 0),
(4, 12, 0),
(4, 13, 0),
(4, 14, 0),
(4, 15, 0),
(4, 16, 1),
(4, 17, 1),
(4, 18, 0),
(4, 19, 0),
(4, 20, 0),
(4, 21, 0),
(4, 22, 0),
(4, 23, 1),
(4, 24, 0),
(4, 25, 1),
(4, 26, 0),
(4, 27, 0),
(4, 28, 0),
(4, 29, 0),
(4, 30, 0),
(4, 31, 0),
(4, 32, 0),
(4, 33, 0),
(4, 34, 0),
(4, 35, 0),
(4, 36, 0),
(4, 37, 0),
(4, 38, 0),
(4, 39, 0),
(4, 40, 0),
(4, 41, 0),
(4, 42, 0),
(4, 43, 0),
(4, 44, 0),
(4, 45, 0),
(4, 46, 0),
(4, 47, 0),
(4, 48, 0),
(4, 49, 0),
(4, 50, 0),
(4, 51, 0),
(4, 52, 0),
(4, 53, 0),
(4, 54, 0),
(4, 55, 0),
(4, 56, 0),
(4, 57, 0),
(4, 58, 1),
(4, 59, 0),
(4, 60, 0),
(4, 61, 0),
(4, 62, 0),
(4, 63, 0),
(4, 64, 1),
(4, 65, 0),
(4, 66, 1),
(4, 67, 1),
(4, 68, 1),
(4, 69, 1),
(4, 70, 1),
(4, 71, 1),
(4, 72, 1),
(4, 73, 1),
(4, 74, 1),
(4, 75, 0),
(4, 76, 1),
(4, 77, 0),
(4, 78, 0),
(4, 79, 0),
(4, 80, 0),
(4, 81, 0),
(4, 82, 0),
(4, 83, 0),
(4, 84, 0),
(4, 85, 1),
(4, 86, 1),
(4, 87, 0),
(4, 88, 1),
(4, 89, 1),
(4, 90, 0),
(4, 91, 1),
(4, 92, 1),
(4, 93, 0),
(4, 94, 1),
(4, 95, 1),
(4, 96, 0),
(4, 97, 0),
(4, 98, 0),
(4, 99, 0),
(4, 100, 0),
(4, 101, 0),
(4, 102, 0),
(4, 103, 0),
(4, 104, 0),
(4, 105, 1),
(4, 106, 1),
(4, 107, 0),
(4, 108, 0),
(4, 109, 0),
(4, 110, 1),
(4, 111, 0),
(4, 112, 0),
(4, 113, 0),
(4, 114, 0),
(4, 115, 0),
(4, 116, 1),
(4, 117, 0),
(4, 118, 0),
(4, 119, 1),
(4, 120, 1),
(4, 121, 0),
(4, 122, 1),
(4, 123, 1),
(4, 124, 0),
(4, 125, 1),
(4, 126, 0),
(4, 127, 1),
(4, 128, 1),
(4, 129, 0),
(4, 130, 0),
(4, 131, 1),
(4, 132, 0),
(4, 133, 0),
(4, 134, 1),
(4, 135, 1),
(4, 136, 1),
(4, 137, 1),
(4, 138, 1),
(4, 139, 0),
(4, 140, 0),
(4, 141, 0),
(4, 142, 0),
(4, 143, 1),
(4, 144, 1),
(4, 145, 1),
(4, 146, 1),
(4, 147, 0),
(4, 148, 0),
(4, 149, 0),
(4, 150, 0),
(4, 151, 1),
(4, 152, 1),
(4, 153, 1),
(4, 154, 0),
(4, 155, 0),
(4, 156, 0),
(4, 157, 1),
(4, 158, 0),
(4, 159, 1),
(4, 160, 0),
(4, 161, 0),
(4, 162, 0),
(4, 163, 0),
(4, 164, 0),
(4, 165, 0),
(4, 166, 1),
(4, 167, 0),
(4, 168, 0),
(4, 169, 0),
(4, 170, 0),
(4, 171, 0),
(4, 172, 0),
(4, 173, 0),
(4, 174, 0),
(4, 175, 0),
(4, 176, 0),
(4, 177, 0),
(4, 178, 0),
(4, 179, 0),
(4, 180, 0),
(4, 181, 1),
(4, 182, 0),
(4, 183, 0),
(4, 184, 0),
(4, 185, 0),
(4, 186, 0),
(4, 187, 0),
(4, 188, 0),
(4, 189, 0),
(4, 190, 0),
(4, 191, 0),
(4, 192, 1),
(4, 193, 0),
(4, 194, 0),
(4, 195, 0),
(4, 196, 0),
(4, 197, 0),
(4, 198, 1),
(4, 199, 0),
(4, 200, 0),
(4, 201, 0),
(4, 202, 0),
(4, 203, 0),
(4, 204, 0),
(4, 205, 0),
(4, 206, 0),
(4, 207, 0),
(4, 208, 0),
(4, 209, 0),
(4, 210, 0),
(4, 211, 0),
(4, 212, 0),
(4, 213, 0),
(4, 214, 0),
(4, 215, 0),
(4, 216, 0),
(4, 217, 0),
(4, 218, 0),
(4, 219, 0),
(4, 220, 0),
(4, 221, 0),
(4, 222, 0),
(4, 223, 0),
(4, 224, 0),
(4, 225, 0),
(4, 226, 0),
(4, 227, 0),
(4, 228, 0),
(4, 229, 0),
(4, 230, 1),
(4, 231, 1),
(4, 232, 0),
(4, 233, 0),
(4, 234, 1),
(4, 235, 0),
(4, 236, 0),
(4, 237, 0),
(4, 238, 0),
(4, 239, 0),
(4, 240, 0),
(4, 241, 0),
(4, 242, 0),
(4, 243, 0),
(4, 244, 0),
(4, 245, 0),
(4, 246, 0),
(4, 247, 0),
(4, 248, 0),
(4, 249, 0),
(4, 250, 0),
(4, 251, 0),
(4, 252, 0),
(4, 253, 1),
(4, 254, 0),
(4, 255, 0),
(4, 256, 1),
(4, 257, 0),
(4, 258, 1),
(4, 259, 0),
(4, 260, 0),
(4, 261, 0),
(4, 262, 0),
(4, 263, 0),
(4, 264, 0),
(4, 265, 0),
(4, 266, 0),
(4, 267, 0),
(4, 268, 0),
(4, 269, 0),
(4, 270, 0),
(4, 271, 0),
(4, 272, 0),
(4, 273, 0),
(4, 274, 0),
(4, 275, 1),
(4, 276, 0),
(4, 277, 0),
(4, 278, 0),
(4, 279, 0),
(4, 280, 0),
(4, 281, 0),
(4, 282, 1),
(4, 283, 0),
(4, 284, 0),
(4, 285, 0),
(4, 286, 0),
(4, 287, 0),
(4, 288, 0),
(4, 289, 0),
(4, 290, 0),
(4, 291, 0),
(4, 292, 0),
(4, 293, 0),
(4, 294, 0),
(4, 295, 0),
(4, 296, 0),
(4, 297, 0),
(4, 298, 0),
(4, 299, 1),
(4, 300, 0),
(4, 301, 1),
(4, 302, 1),
(4, 303, 1),
(4, 304, 0),
(4, 305, 0),
(4, 306, 0),
(4, 307, 1),
(4, 308, 0),
(4, 309, 0),
(4, 310, 1),
(4, 311, 0),
(4, 312, 0),
(4, 313, 0),
(4, 314, 0),
(4, 315, 1),
(4, 316, 0),
(4, 317, 1),
(4, 318, 0),
(4, 319, 0),
(4, 320, 0),
(4, 321, 0),
(4, 322, 0),
(4, 323, 0),
(4, 324, 0),
(4, 325, 0),
(4, 326, 0),
(4, 327, 0),
(4, 328, 0),
(4, 329, 0),
(4, 330, 0),
(4, 331, 0),
(4, 332, 0),
(4, 333, 0),
(4, 334, 0),
(4, 335, 0),
(4, 336, 0),
(4, 337, 0),
(4, 338, 0),
(4, 339, 1),
(4, 340, 0),
(4, 341, 1),
(4, 342, 0),
(4, 343, 0),
(4, 344, 0),
(4, 345, 1),
(4, 346, 0),
(4, 347, 0),
(4, 348, 0),
(4, 349, 0),
(4, 350, 0),
(4, 351, 0),
(4, 352, 0),
(4, 353, 0),
(4, 354, 0),
(4, 355, 0),
(4, 356, 0),
(4, 357, 1),
(4, 358, 0),
(4, 359, 0),
(4, 360, 1),
(4, 361, 0),
(4, 362, 1),
(4, 363, 0),
(4, 364, 0),
(4, 365, 1),
(4, 366, 0),
(4, 367, 0),
(4, 368, 0),
(4, 369, 0),
(4, 370, 1),
(4, 371, 0),
(4, 372, 1),
(4, 373, 0),
(4, 374, 0),
(4, 375, 0),
(4, 376, 0),
(4, 377, 1),
(4, 378, 0),
(4, 379, 1),
(4, 380, 1),
(4, 381, 0),
(4, 382, 1),
(4, 383, 1),
(4, 384, 0),
(4, 385, 0),
(4, 386, 1),
(4, 387, 0),
(4, 388, 0),
(4, 389, 0),
(4, 390, 0),
(4, 391, 0),
(4, 392, 0),
(4, 393, 0),
(4, 394, 0),
(4, 395, 1),
(4, 396, 1),
(4, 397, 0),
(4, 398, 0),
(4, 399, 0),
(4, 400, 0),
(4, 401, 0),
(4, 402, 0),
(4, 403, 0),
(4, 404, 0),
(4, 405, 0),
(4, 406, 0),
(4, 407, 0),
(4, 408, 0),
(4, 409, 0),
(4, 410, 0),
(4, 411, 0),
(4, 412, 0),
(4, 413, 0),
(4, 414, 0),
(4, 415, 0),
(4, 416, 0),
(4, 417, 0),
(4, 418, 0),
(4, 419, 0),
(4, 420, 0),
(4, 421, 0),
(4, 422, 0),
(4, 423, 1),
(4, 424, 0),
(4, 425, 0),
(4, 426, 0),
(4, 427, 0),
(4, 428, 0),
(4, 429, 0),
(4, 430, 0),
(4, 431, 0),
(4, 432, 0),
(4, 433, 0),
(4, 434, 0),
(4, 435, 0),
(4, 436, 0),
(4, 437, 0),
(4, 438, 0),
(4, 439, 0),
(4, 440, 0),
(4, 441, 0),
(4, 442, 0),
(4, 443, 0),
(4, 444, 0),
(4, 445, 0),
(4, 446, 0),
(4, 447, 0),
(4, 448, 1),
(4, 449, 0),
(4, 450, 0),
(4, 451, 0),
(4, 452, 1),
(4, 453, 0),
(4, 454, 0),
(4, 455, 0),
(4, 456, 0),
(4, 457, 0),
(4, 458, 0),
(4, 459, 0),
(4, 460, 1),
(4, 461, 0),
(4, 462, 1),
(4, 463, 0),
(4, 464, 0),
(4, 465, 0),
(4, 466, 0),
(4, 467, 1),
(4, 468, 0),
(4, 469, 0),
(4, 470, 0),
(4, 471, 0),
(4, 472, 0),
(4, 473, 0),
(4, 474, 0),
(4, 475, 0),
(4, 476, 0),
(4, 477, 0),
(4, 478, 0),
(4, 479, 1),
(4, 480, 0),
(4, 481, 0),
(4, 482, 0),
(4, 483, 0),
(4, 484, 0),
(4, 485, 0),
(4, 486, 0),
(4, 487, 0),
(4, 488, 0),
(4, 489, 0),
(4, 490, 0),
(4, 491, 0),
(4, 492, 0),
(4, 493, 1),
(4, 494, 1),
(4, 495, 0),
(4, 496, 0),
(4, 497, 0),
(4, 498, 0),
(4, 499, 0),
(4, 500, 0),
(4, 501, 0),
(4, 502, 0),
(4, 503, 0),
(4, 504, 0),
(4, 505, 0),
(4, 506, 0),
(4, 507, 0),
(4, 508, 0),
(4, 509, 0),
(4, 510, 0),
(4, 511, 0),
(4, 512, 0),
(4, 513, 0),
(4, 514, 0),
(4, 515, 0),
(4, 516, 0),
(4, 517, 0),
(4, 518, 0),
(4, 519, 0),
(4, 520, 0),
(4, 521, 0),
(4, 522, 0),
(4, 523, 0),
(4, 524, 0),
(4, 525, 0),
(4, 526, 0),
(4, 527, 0),
(4, 528, 0),
(4, 529, 0),
(4, 530, 0),
(4, 531, 0),
(4, 532, 0),
(4, 533, 0),
(4, 534, 0),
(4, 535, 0),
(4, 536, 1),
(4, 537, 0),
(4, 538, 0),
(4, 539, 0),
(4, 540, 0),
(4, 541, 1),
(4, 542, 0),
(4, 543, 0),
(4, 544, 0),
(4, 545, 0),
(4, 546, 0),
(4, 547, 0),
(4, 548, 0),
(4, 549, 0),
(4, 550, 0),
(4, 551, 0),
(4, 552, 0),
(4, 553, 0),
(4, 554, 0),
(4, 555, 0),
(4, 556, 0),
(4, 557, 0),
(4, 558, 0),
(4, 559, 0),
(4, 560, 0),
(4, 561, 0),
(4, 562, 0),
(4, 563, 1),
(4, 564, 1),
(4, 565, 1),
(4, 566, 0),
(4, 567, 0),
(4, 568, 1),
(4, 569, 0),
(4, 570, 0),
(4, 571, 0),
(4, 572, 0),
(4, 573, 0),
(4, 574, 0),
(4, 575, 0),
(4, 576, 0),
(4, 577, 0),
(4, 578, 0),
(4, 579, 0),
(4, 580, 0),
(4, 581, 0),
(4, 582, 0),
(4, 583, 0),
(4, 584, 0),
(4, 585, 0),
(4, 586, 0),
(4, 587, 0),
(4, 588, 0),
(4, 589, 0),
(4, 590, 0),
(4, 591, 1),
(4, 592, 0),
(4, 593, 0),
(4, 594, 0),
(4, 595, 1),
(4, 596, 1),
(4, 597, 1),
(4, 598, 0),
(4, 599, 0),
(4, 600, 0),
(4, 601, 0),
(4, 602, 0),
(4, 603, 0),
(4, 604, 0),
(4, 605, 0),
(4, 606, 0),
(4, 607, 0),
(4, 608, 0),
(4, 609, 0),
(4, 610, 0),
(4, 611, 0),
(4, 612, 0),
(4, 613, 0),
(4, 614, 0),
(4, 615, 0),
(4, 616, 0),
(4, 617, 0),
(4, 618, 0),
(4, 619, 0),
(4, 620, 0),
(4, 621, 1),
(4, 622, 0),
(4, 623, 0),
(4, 624, 0),
(4, 625, 0),
(4, 626, 0),
(4, 627, 0),
(4, 628, 0),
(4, 629, 0),
(4, 630, 0),
(4, 631, 0),
(4, 632, 0),
(4, 633, 0),
(4, 634, 0),
(4, 635, 1),
(4, 636, 0),
(4, 637, 0),
(4, 638, 0),
(4, 639, 0),
(4, 640, 0),
(4, 641, 0),
(4, 642, 0),
(4, 643, 0),
(4, 644, 0),
(4, 645, 1),
(4, 646, 0),
(4, 647, 0),
(4, 648, 0),
(4, 649, 0),
(4, 650, 0),
(4, 651, 0),
(4, 652, 0),
(4, 653, 1),
(4, 654, 0),
(4, 655, 0),
(4, 656, 0),
(4, 657, 0),
(4, 658, 0),
(4, 659, 0),
(4, 660, 0),
(4, 661, 0),
(4, 662, 0),
(4, 663, 0),
(4, 664, 1),
(4, 665, 0),
(4, 666, 0),
(4, 667, 0),
(4, 668, 0),
(4, 669, 0),
(4, 670, 0),
(4, 671, 0),
(4, 672, 0),
(4, 673, 0),
(4, 674, 0),
(4, 675, 1),
(4, 676, 0),
(4, 677, 0),
(4, 678, 1),
(4, 679, 0),
(4, 680, 0),
(4, 681, 1),
(4, 682, 0),
(4, 683, 0),
(4, 684, 0),
(4, 685, 1),
(4, 686, 0),
(4, 687, 0),
(4, 688, 0),
(4, 689, 0),
(4, 690, 0),
(4, 691, 0),
(4, 692, 0),
(4, 693, 0),
(4, 694, 0),
(4, 695, 0),
(4, 696, 0),
(4, 697, 0),
(4, 698, 0),
(4, 699, 0),
(4, 700, 0),
(4, 701, 0),
(4, 702, 0),
(4, 703, 0),
(4, 704, 0),
(4, 705, 0),
(4, 706, 0),
(4, 707, 0),
(4, 708, 0),
(4, 709, 0),
(4, 710, 0),
(4, 711, 0),
(4, 712, 0),
(4, 713, 0),
(4, 714, 0),
(4, 715, 0),
(4, 716, 0),
(4, 717, 0),
(4, 718, 0),
(4, 719, 0),
(4, 720, 0),
(4, 721, 0),
(4, 722, 0),
(4, 723, 0),
(4, 724, 0),
(4, 725, 0),
(4, 726, 1),
(4, 727, 0),
(4, 728, 0),
(4, 729, 0),
(4, 730, 0),
(4, 731, 0),
(4, 732, 0),
(4, 733, 0),
(4, 734, 0),
(4, 735, 0),
(4, 736, 0),
(4, 737, 0),
(4, 738, 0),
(4, 739, 0),
(4, 740, 0),
(4, 741, 0),
(4, 742, 0),
(4, 743, 0),
(4, 744, 1),
(4, 745, 0),
(4, 746, 0),
(4, 747, 0),
(4, 748, 0),
(4, 749, 0),
(4, 750, 0),
(4, 751, 0),
(4, 752, 0),
(4, 753, 0),
(4, 754, 0),
(4, 755, 0),
(4, 756, 0),
(4, 757, 0),
(4, 758, 0),
(4, 759, 0),
(4, 760, 0),
(4, 761, 0),
(4, 762, 0),
(4, 763, 0),
(4, 764, 0),
(4, 765, 0),
(4, 766, 0),
(4, 767, 0),
(4, 768, 0),
(4, 769, 0),
(4, 770, 0),
(4, 771, 0),
(4, 772, 0),
(4, 773, 0),
(4, 774, 0),
(4, 775, 0),
(4, 776, 1),
(4, 777, 1),
(4, 778, 0),
(4, 779, 0),
(4, 780, 0),
(4, 781, 0),
(4, 782, 0),
(4, 783, 0),
(4, 784, 0),
(4, 785, 0),
(4, 786, 0),
(4, 787, 0),
(4, 788, 0),
(4, 789, 0),
(4, 790, 0),
(4, 791, 1),
(4, 792, 0),
(4, 793, 0),
(4, 794, 0),
(4, 795, 0),
(4, 796, 0),
(4, 797, 0),
(4, 798, 0),
(4, 799, 0),
(4, 800, 0),
(4, 801, 0),
(4, 802, 0),
(4, 803, 0),
(4, 804, 0),
(4, 805, 0),
(4, 806, 0),
(4, 807, 0),
(4, 808, 0),
(4, 809, 0),
(4, 810, 0),
(4, 811, 0),
(4, 812, 0),
(4, 813, 0),
(4, 814, 0),
(4, 815, 0),
(4, 816, 0),
(4, 817, 0),
(4, 818, 0),
(4, 819, 0),
(4, 820, 0),
(4, 821, 0),
(4, 822, 1),
(4, 823, 0),
(4, 824, 0),
(4, 825, 1),
(4, 826, 1),
(4, 827, 0),
(4, 828, 0),
(4, 829, 0),
(4, 830, 0),
(4, 831, 0),
(4, 832, 0),
(4, 833, 0),
(4, 834, 0),
(4, 835, 0),
(4, 836, 0),
(4, 837, 0),
(4, 838, 0),
(4, 839, 0),
(4, 840, 0),
(4, 841, 0),
(4, 842, 0),
(4, 843, 0),
(4, 844, 0),
(4, 845, 0),
(4, 846, 0),
(4, 847, 0),
(4, 848, 0),
(4, 849, 0),
(4, 850, 0),
(4, 851, 0),
(4, 852, 0),
(4, 853, 0),
(4, 854, 0),
(4, 855, 0),
(4, 856, 0),
(4, 857, 0),
(4, 858, 0),
(4, 859, 0),
(4, 860, 0),
(4, 861, 0),
(4, 862, 0),
(4, 863, 0),
(4, 864, 0),
(4, 865, 0),
(4, 866, 0),
(4, 867, 0),
(4, 868, 0),
(4, 869, 0),
(4, 870, 0),
(4, 871, 0),
(4, 872, 0),
(4, 873, 0),
(4, 874, 0),
(4, 875, 0),
(4, 876, 0),
(4, 877, 0),
(4, 878, 0),
(4, 879, 0),
(4, 880, 0),
(4, 881, 0),
(4, 882, 0),
(4, 883, 0),
(4, 884, 0),
(4, 885, 0),
(4, 886, 0),
(4, 887, 0),
(4, 888, 0),
(4, 889, 0),
(4, 890, 0),
(4, 891, 1),
(4, 892, 1),
(4, 893, 0),
(4, 894, 0),
(4, 895, 0),
(4, 896, 0),
(4, 897, 0),
(4, 898, 0),
(4, 899, 0),
(4, 900, 0),
(4, 901, 0),
(4, 902, 0),
(4, 903, 0),
(4, 904, 0),
(4, 905, 0),
(4, 906, 0),
(4, 907, 1),
(4, 908, 1),
(4, 909, 0),
(4, 910, 0),
(4, 911, 0),
(4, 912, 0),
(4, 913, 0),
(4, 914, 0),
(4, 915, 0),
(4, 916, 1),
(4, 917, 0),
(4, 918, 0),
(4, 919, 0),
(4, 920, 0),
(4, 921, 0),
(4, 922, 0),
(4, 923, 0),
(4, 924, 0),
(4, 925, 0),
(4, 926, 0),
(4, 927, 0),
(4, 928, 0),
(4, 929, 0),
(4, 930, 0),
(4, 931, 0),
(4, 932, 1),
(4, 933, 0),
(4, 934, 0),
(4, 935, 0),
(4, 936, 0),
(4, 937, 0),
(4, 938, 0),
(4, 939, 0),
(4, 940, 0),
(4, 941, 0),
(4, 942, 0),
(4, 943, 0),
(4, 944, 0),
(4, 945, 0),
(4, 946, 0),
(4, 947, 0),
(4, 948, 0),
(4, 949, 1),
(4, 950, 0),
(4, 951, 0),
(4, 952, 0),
(4, 953, 1),
(4, 954, 0),
(4, 955, 0),
(4, 956, 0),
(4, 957, 0),
(4, 958, 0),
(4, 959, 0),
(4, 960, 0),
(4, 961, 0),
(4, 962, 0),
(4, 963, 0),
(4, 964, 0),
(4, 965, 1),
(4, 966, 0),
(4, 967, 0),
(4, 968, 0),
(4, 969, 0),
(4, 970, 0),
(4, 971, 0),
(4, 972, 0),
(4, 973, 0),
(4, 974, 0),
(4, 975, 0),
(4, 976, 0),
(4, 977, 0),
(4, 978, 0),
(4, 979, 0),
(4, 980, 0),
(4, 981, 0),
(4, 982, 0),
(4, 983, 0),
(4, 984, 0),
(4, 985, 0),
(4, 986, 0),
(4, 987, 0),
(4, 988, 0),
(4, 989, 0),
(4, 990, 0),
(4, 991, 0),
(4, 992, 0),
(4, 993, 0),
(4, 994, 0),
(4, 995, 0),
(4, 996, 0),
(4, 997, 0),
(4, 998, 0),
(4, 999, 0),
(4, 1000, 0),
(4, 1001, 0),
(5, 2, 0),
(5, 3, 0),
(5, 4, 0),
(5, 5, 0),
(5, 6, 0),
(5, 7, 0),
(5, 8, 0),
(5, 9, 0),
(5, 10, 0),
(5, 11, 0),
(5, 12, 0),
(5, 13, 0),
(5, 14, 0),
(5, 15, 0),
(5, 16, 0),
(5, 17, 0),
(5, 18, 0),
(5, 19, 0),
(5, 20, 0),
(5, 21, 0),
(5, 22, 0),
(5, 23, 0),
(5, 24, 0),
(5, 25, 0),
(5, 26, 0),
(5, 27, 0),
(5, 28, 0),
(5, 29, 0),
(5, 30, 0),
(5, 31, 0),
(5, 32, 0),
(5, 33, 0),
(5, 34, 0),
(5, 35, 0),
(5, 36, 0),
(5, 37, 0),
(5, 38, 0),
(5, 39, 0),
(5, 40, 0),
(5, 41, 0),
(5, 42, 0),
(5, 43, 0),
(5, 44, 0),
(5, 45, 0),
(5, 46, 0),
(5, 47, 0),
(5, 48, 0),
(5, 49, 0),
(5, 50, 0),
(5, 51, 0),
(5, 52, 0),
(5, 53, 0),
(5, 54, 0),
(5, 55, 0),
(5, 56, 0),
(5, 57, 0),
(5, 58, 0),
(5, 59, 0),
(5, 60, 0),
(5, 61, 0),
(5, 62, 0),
(5, 63, 0),
(5, 64, 0),
(5, 65, 0),
(5, 66, 0),
(5, 67, 0),
(5, 68, 0),
(5, 69, 0),
(5, 70, 0),
(5, 71, 0),
(5, 72, 0),
(5, 73, 0),
(5, 74, 0),
(5, 75, 0),
(5, 76, 0),
(5, 77, 0),
(5, 78, 0),
(5, 79, 0),
(5, 80, 0),
(5, 81, 0),
(5, 82, 0),
(5, 83, 0),
(5, 84, 0),
(5, 85, 0),
(5, 86, 0),
(5, 87, 0),
(5, 88, 0),
(5, 89, 0),
(5, 90, 0),
(5, 91, 0),
(5, 92, 0),
(5, 93, 0),
(5, 94, 0),
(5, 95, 0),
(5, 96, 0),
(5, 97, 0),
(5, 98, 0),
(5, 99, 0),
(5, 100, 0),
(5, 101, 0),
(5, 102, 0),
(5, 103, 0),
(5, 104, 0),
(5, 105, 0),
(5, 106, 0),
(5, 107, 0),
(5, 108, 0),
(5, 109, 0),
(5, 110, 0),
(5, 111, 0),
(5, 112, 0),
(5, 113, 0),
(5, 114, 0),
(5, 115, 0),
(5, 116, 0),
(5, 117, 0),
(5, 118, 0),
(5, 119, 0),
(5, 120, 0),
(5, 121, 0),
(5, 122, 0),
(5, 123, 0),
(5, 124, 0),
(5, 125, 0),
(5, 126, 0),
(5, 127, 0),
(5, 128, 0),
(5, 129, 0),
(5, 130, 0),
(5, 131, 0),
(5, 132, 0),
(5, 133, 0),
(5, 134, 0),
(5, 135, 0),
(5, 136, 0),
(5, 137, 0),
(5, 138, 0),
(5, 139, 0),
(5, 140, 0),
(5, 141, 0),
(5, 142, 0),
(5, 143, 0),
(5, 144, 0),
(5, 145, 0),
(5, 146, 0),
(5, 147, 0),
(5, 148, 0),
(5, 149, 0),
(5, 150, 0),
(5, 151, 0),
(5, 152, 0),
(5, 153, 0),
(5, 154, 0),
(5, 155, 0),
(5, 156, 0),
(5, 157, 0),
(5, 158, 0),
(5, 159, 0),
(5, 160, 0),
(5, 161, 0),
(5, 162, 0),
(5, 163, 0),
(5, 164, 0),
(5, 165, 0),
(5, 166, 0),
(5, 167, 0),
(5, 168, 0),
(5, 169, 0),
(5, 170, 0),
(5, 171, 0),
(5, 172, 0),
(5, 173, 0),
(5, 174, 0),
(5, 175, 0),
(5, 176, 0),
(5, 177, 0),
(5, 178, 0),
(5, 179, 0),
(5, 180, 0),
(5, 181, 0),
(5, 182, 0),
(5, 183, 0),
(5, 184, 0),
(5, 185, 0),
(5, 186, 0),
(5, 187, 0),
(5, 188, 0),
(5, 189, 0),
(5, 190, 0),
(5, 191, 0),
(5, 192, 0),
(5, 193, 0),
(5, 194, 0),
(5, 195, 0),
(5, 196, 0),
(5, 197, 0),
(5, 198, 0),
(5, 199, 0),
(5, 200, 0),
(5, 201, 0),
(5, 202, 0),
(5, 203, 0),
(5, 204, 0),
(5, 205, 0),
(5, 206, 0),
(5, 207, 0),
(5, 208, 0),
(5, 209, 0),
(5, 210, 0),
(5, 211, 0),
(5, 212, 0),
(5, 213, 0),
(5, 214, 0),
(5, 215, 0),
(5, 216, 0),
(5, 217, 0),
(5, 218, 0),
(5, 219, 0),
(5, 220, 0),
(5, 221, 0),
(5, 222, 0),
(5, 223, 0),
(5, 224, 0),
(5, 225, 0),
(5, 226, 0),
(5, 227, 0),
(5, 228, 0),
(5, 229, 0),
(5, 230, 0),
(5, 231, 0),
(5, 232, 0),
(5, 233, 0),
(5, 234, 0),
(5, 235, 0),
(5, 236, 0),
(5, 237, 0),
(5, 238, 0),
(5, 239, 0),
(5, 240, 0),
(5, 241, 0),
(5, 242, 0),
(5, 243, 0),
(5, 244, 0),
(5, 245, 0),
(5, 246, 0),
(5, 247, 0),
(5, 248, 0),
(5, 249, 0),
(5, 250, 0),
(5, 251, 0),
(5, 252, 0),
(5, 253, 0),
(5, 254, 0),
(5, 255, 0),
(5, 256, 0),
(5, 257, 0),
(5, 258, 0),
(5, 259, 0),
(5, 260, 0),
(5, 261, 0),
(5, 262, 0),
(5, 263, 0),
(5, 264, 0),
(5, 265, 0),
(5, 266, 0),
(5, 267, 0),
(5, 268, 0),
(5, 269, 0),
(5, 270, 0),
(5, 271, 0),
(5, 272, 0),
(5, 273, 0),
(5, 274, 0),
(5, 275, 0),
(5, 276, 0),
(5, 277, 0),
(5, 278, 0),
(5, 279, 0),
(5, 280, 0),
(5, 281, 0),
(5, 282, 0),
(5, 283, 0),
(5, 284, 0),
(5, 285, 0),
(5, 286, 0),
(5, 287, 0),
(5, 288, 0),
(5, 289, 0),
(5, 290, 0),
(5, 291, 0),
(5, 292, 0),
(5, 293, 0),
(5, 294, 0),
(5, 295, 0),
(5, 296, 0),
(5, 297, 0),
(5, 298, 0),
(5, 299, 0),
(5, 300, 0),
(5, 301, 0),
(5, 302, 0),
(5, 303, 0),
(5, 304, 0),
(5, 305, 0),
(5, 306, 0),
(5, 307, 0),
(5, 308, 0),
(5, 309, 0),
(5, 310, 0),
(5, 311, 0),
(5, 312, 0),
(5, 313, 0),
(5, 314, 0),
(5, 315, 0),
(5, 316, 0),
(5, 317, 0),
(5, 318, 0),
(5, 319, 0),
(5, 320, 0),
(5, 321, 0),
(5, 322, 0),
(5, 323, 0),
(5, 324, 0),
(5, 325, 0),
(5, 326, 0),
(5, 327, 0),
(5, 328, 0),
(5, 329, 0),
(5, 330, 0),
(5, 331, 0),
(5, 332, 0),
(5, 333, 0),
(5, 334, 0),
(5, 335, 0),
(5, 336, 0),
(5, 337, 0),
(5, 338, 0),
(5, 339, 0),
(5, 340, 0),
(5, 341, 0),
(5, 342, 0),
(5, 343, 0),
(5, 344, 0),
(5, 345, 0),
(5, 346, 0),
(5, 347, 0),
(5, 348, 0),
(5, 349, 0),
(5, 350, 0),
(5, 351, 0),
(5, 352, 0),
(5, 353, 0),
(5, 354, 0),
(5, 355, 0),
(5, 356, 0),
(5, 357, 0),
(5, 358, 0),
(5, 359, 0),
(5, 360, 0),
(5, 361, 0),
(5, 362, 0),
(5, 363, 0),
(5, 364, 0),
(5, 365, 0),
(5, 366, 0),
(5, 367, 0),
(5, 368, 0),
(5, 369, 0),
(5, 370, 0),
(5, 371, 0),
(5, 372, 0),
(5, 373, 0),
(5, 374, 0),
(5, 375, 0),
(5, 376, 0),
(5, 377, 0),
(5, 378, 0),
(5, 379, 0),
(5, 380, 0),
(5, 381, 0),
(5, 382, 0),
(5, 383, 0),
(5, 384, 0),
(5, 385, 0),
(5, 386, 0),
(5, 387, 0),
(5, 388, 0),
(5, 389, 0),
(5, 390, 0),
(5, 391, 0),
(5, 392, 0),
(5, 393, 0),
(5, 394, 0),
(5, 395, 0),
(5, 396, 0),
(5, 397, 0),
(5, 398, 0),
(5, 399, 0),
(5, 400, 0),
(5, 401, 0),
(5, 402, 0),
(5, 403, 0),
(5, 404, 0),
(5, 405, 0),
(5, 406, 0),
(5, 407, 0),
(5, 408, 0),
(5, 409, 0),
(5, 410, 0),
(5, 411, 0),
(5, 412, 0),
(5, 413, 0),
(5, 414, 0),
(5, 415, 0),
(5, 416, 0),
(5, 417, 0),
(5, 418, 0),
(5, 419, 0),
(5, 420, 0),
(5, 421, 0),
(5, 422, 0),
(5, 423, 0),
(5, 424, 0),
(5, 425, 0),
(5, 426, 0),
(5, 427, 0),
(5, 428, 0),
(5, 429, 0),
(5, 430, 0),
(5, 431, 0),
(5, 432, 0),
(5, 433, 0),
(5, 434, 0),
(5, 435, 0),
(5, 436, 0),
(5, 437, 0),
(5, 438, 0),
(5, 439, 0),
(5, 440, 0),
(5, 441, 0),
(5, 442, 0),
(5, 443, 0),
(5, 444, 0),
(5, 445, 0),
(5, 446, 0),
(5, 447, 0),
(5, 448, 0),
(5, 449, 0),
(5, 450, 1),
(5, 451, 0),
(5, 452, 0),
(5, 453, 0),
(5, 454, 0),
(5, 455, 0),
(5, 456, 0),
(5, 457, 1),
(5, 458, 0),
(5, 459, 0),
(5, 460, 0),
(5, 461, 0),
(5, 462, 0),
(5, 463, 0),
(5, 464, 0),
(5, 465, 0),
(5, 466, 0),
(5, 467, 0),
(5, 468, 0),
(5, 469, 0),
(5, 470, 0),
(5, 471, 0),
(5, 472, 0),
(5, 473, 0),
(5, 474, 0),
(5, 475, 0),
(5, 476, 0),
(5, 477, 0),
(5, 478, 0),
(5, 479, 0),
(5, 480, 0),
(5, 481, 0),
(5, 482, 0),
(5, 483, 0),
(5, 484, 0),
(5, 485, 0),
(5, 486, 0),
(5, 487, 0),
(5, 488, 0),
(5, 489, 0),
(5, 490, 0),
(5, 491, 0),
(5, 492, 0),
(5, 493, 0),
(5, 494, 0),
(5, 495, 0),
(5, 496, 0),
(5, 497, 0),
(5, 498, 0),
(5, 499, 0),
(5, 500, 0),
(5, 501, 0),
(5, 502, 0),
(5, 503, 0),
(5, 504, 0),
(5, 505, 0),
(5, 506, 0),
(5, 507, 0),
(5, 508, 0),
(5, 509, 0),
(5, 510, 0),
(5, 511, 0),
(5, 512, 0),
(5, 513, 0),
(5, 514, 0),
(5, 515, 0),
(5, 516, 0),
(5, 517, 0),
(5, 518, 0),
(5, 519, 0),
(5, 520, 1),
(5, 521, 0),
(5, 522, 0),
(5, 523, 0),
(5, 524, 0),
(5, 525, 0),
(5, 526, 0),
(5, 527, 0),
(5, 528, 0),
(5, 529, 0),
(5, 530, 0),
(5, 531, 0),
(5, 532, 0),
(5, 533, 0),
(5, 534, 0),
(5, 535, 0),
(5, 536, 0),
(5, 537, 0),
(5, 538, 0),
(5, 539, 0),
(5, 540, 0),
(5, 541, 0),
(5, 542, 0),
(5, 543, 0),
(5, 544, 0),
(5, 545, 0),
(5, 546, 0),
(5, 547, 0),
(5, 548, 1),
(5, 549, 0),
(5, 550, 0),
(5, 551, 0),
(5, 552, 0),
(5, 553, 0),
(5, 554, 0),
(5, 555, 0),
(5, 556, 0),
(5, 557, 0),
(5, 558, 0),
(5, 559, 0),
(5, 560, 0),
(5, 561, 0),
(5, 562, 0),
(5, 563, 0),
(5, 564, 0),
(5, 565, 0),
(5, 566, 0),
(5, 567, 0),
(5, 568, 0),
(5, 569, 0),
(5, 570, 0),
(5, 571, 0),
(5, 572, 0),
(5, 573, 0),
(5, 574, 0),
(5, 575, 0),
(5, 576, 0),
(5, 577, 0),
(5, 578, 0),
(5, 579, 0),
(5, 580, 0),
(5, 581, 0),
(5, 582, 0),
(5, 583, 0),
(5, 584, 0),
(5, 585, 0),
(5, 586, 0),
(5, 587, 0);
INSERT INTO `JT_OBSERVATION` (`FK_Disease`, `FK_Visit`, `Suffering`) VALUES
(5, 588, 0),
(5, 589, 0),
(5, 590, 0),
(5, 591, 0),
(5, 592, 0),
(5, 593, 0),
(5, 594, 0),
(5, 595, 0),
(5, 596, 0),
(5, 597, 0),
(5, 598, 0),
(5, 599, 0),
(5, 600, 0),
(5, 601, 0),
(5, 602, 0),
(5, 603, 0),
(5, 604, 0),
(5, 605, 0),
(5, 606, 0),
(5, 607, 0),
(5, 608, 0),
(5, 609, 0),
(5, 610, 0),
(5, 611, 0),
(5, 612, 0),
(5, 613, 0),
(5, 614, 0),
(5, 615, 0),
(5, 616, 0),
(5, 617, 0),
(5, 618, 0),
(5, 619, 0),
(5, 620, 0),
(5, 621, 0),
(5, 622, 0),
(5, 623, 0),
(5, 624, 0),
(5, 625, 0),
(5, 626, 0),
(5, 627, 0),
(5, 628, 0),
(5, 629, 0),
(5, 630, 0),
(5, 631, 0),
(5, 632, 0),
(5, 633, 0),
(5, 634, 0),
(5, 635, 0),
(5, 636, 0),
(5, 637, 0),
(5, 638, 0),
(5, 639, 0),
(5, 640, 0),
(5, 641, 0),
(5, 642, 0),
(5, 643, 0),
(5, 644, 0),
(5, 645, 0),
(5, 646, 0),
(5, 647, 0),
(5, 648, 0),
(5, 649, 0),
(5, 650, 0),
(5, 651, 0),
(5, 652, 0),
(5, 653, 0),
(5, 654, 0),
(5, 655, 0),
(5, 656, 0),
(5, 657, 1),
(5, 658, 0),
(5, 659, 0),
(5, 660, 0),
(5, 661, 0),
(5, 662, 0),
(5, 663, 0),
(5, 664, 0),
(5, 665, 0),
(5, 666, 0),
(5, 667, 0),
(5, 668, 0),
(5, 669, 0),
(5, 670, 0),
(5, 671, 0),
(5, 672, 0),
(5, 673, 0),
(5, 674, 0),
(5, 675, 0),
(5, 676, 0),
(5, 677, 0),
(5, 678, 0),
(5, 679, 0),
(5, 680, 0),
(5, 681, 0),
(5, 682, 0),
(5, 683, 0),
(5, 684, 0),
(5, 685, 0),
(5, 686, 0),
(5, 687, 0),
(5, 688, 0),
(5, 689, 0),
(5, 690, 0),
(5, 691, 0),
(5, 692, 0),
(5, 693, 0),
(5, 694, 0),
(5, 695, 0),
(5, 696, 0),
(5, 697, 0),
(5, 698, 0),
(5, 699, 0),
(5, 700, 0),
(5, 701, 0),
(5, 702, 0),
(5, 703, 0),
(5, 704, 0),
(5, 705, 0),
(5, 706, 0),
(5, 707, 0),
(5, 708, 0),
(5, 709, 0),
(5, 710, 0),
(5, 711, 0),
(5, 712, 0),
(5, 713, 1),
(5, 714, 0),
(5, 715, 0),
(5, 716, 0),
(5, 717, 0),
(5, 718, 0),
(5, 719, 0),
(5, 720, 0),
(5, 721, 0),
(5, 722, 0),
(5, 723, 0),
(5, 724, 0),
(5, 725, 0),
(5, 726, 0),
(5, 727, 0),
(5, 728, 0),
(5, 729, 0),
(5, 730, 1),
(5, 731, 0),
(5, 732, 0),
(5, 733, 0),
(5, 734, 0),
(5, 735, 0),
(5, 736, 0),
(5, 737, 0),
(5, 738, 0),
(5, 739, 0),
(5, 740, 0),
(5, 741, 0),
(5, 742, 0),
(5, 743, 0),
(5, 744, 0),
(5, 745, 0),
(5, 746, 0),
(5, 747, 0),
(5, 748, 0),
(5, 749, 0),
(5, 750, 0),
(5, 751, 0),
(5, 752, 0),
(5, 753, 0),
(5, 754, 0),
(5, 755, 0),
(5, 756, 0),
(5, 757, 0),
(5, 758, 0),
(5, 759, 0),
(5, 760, 0),
(5, 761, 0),
(5, 762, 0),
(5, 763, 0),
(5, 764, 0),
(5, 765, 0),
(5, 766, 0),
(5, 767, 0),
(5, 768, 0),
(5, 769, 0),
(5, 770, 0),
(5, 771, 0),
(5, 772, 0),
(5, 773, 0),
(5, 774, 0),
(5, 775, 0),
(5, 776, 0),
(5, 777, 0),
(5, 778, 0),
(5, 779, 0),
(5, 780, 0),
(5, 781, 0),
(5, 782, 0),
(5, 783, 0),
(5, 784, 0),
(5, 785, 0),
(5, 786, 0),
(5, 787, 0),
(5, 788, 0),
(5, 789, 0),
(5, 790, 0),
(5, 791, 0),
(5, 792, 0),
(5, 793, 0),
(5, 794, 0),
(5, 795, 0),
(5, 796, 0),
(5, 797, 0),
(5, 798, 0),
(5, 799, 0),
(5, 800, 0),
(5, 801, 0),
(5, 802, 0),
(5, 803, 0),
(5, 804, 0),
(5, 805, 0),
(5, 806, 0),
(5, 807, 0),
(5, 808, 0),
(5, 809, 0),
(5, 810, 0),
(5, 811, 0),
(5, 812, 0),
(5, 813, 0),
(5, 814, 0),
(5, 815, 0),
(5, 816, 0),
(5, 817, 1),
(5, 818, 0),
(5, 819, 0),
(5, 820, 0),
(5, 821, 0),
(5, 822, 0),
(5, 823, 0),
(5, 824, 0),
(5, 825, 0),
(5, 826, 0),
(5, 827, 0),
(5, 828, 0),
(5, 829, 0),
(5, 830, 0),
(5, 831, 0),
(5, 832, 0),
(5, 833, 0),
(5, 834, 0),
(5, 835, 0),
(5, 836, 0),
(5, 837, 0),
(5, 838, 0),
(5, 839, 0),
(5, 840, 0),
(5, 841, 0),
(5, 842, 0),
(5, 843, 0),
(5, 844, 0),
(5, 845, 0),
(5, 846, 0),
(5, 847, 0),
(5, 848, 0),
(5, 849, 0),
(5, 850, 0),
(5, 851, 0),
(5, 852, 0),
(5, 853, 0),
(5, 854, 0),
(5, 855, 0),
(5, 856, 0),
(5, 857, 0),
(5, 858, 0),
(5, 859, 0),
(5, 860, 0),
(5, 861, 0),
(5, 862, 0),
(5, 863, 0),
(5, 864, 0),
(5, 865, 0),
(5, 866, 0),
(5, 867, 0),
(5, 868, 0),
(5, 869, 0),
(5, 870, 0),
(5, 871, 0),
(5, 872, 0),
(5, 873, 0),
(5, 874, 0),
(5, 875, 0),
(5, 876, 0),
(5, 877, 0),
(5, 878, 0),
(5, 879, 0),
(5, 880, 0),
(5, 881, 0),
(5, 882, 0),
(5, 883, 0),
(5, 884, 0),
(5, 885, 0),
(5, 886, 0),
(5, 887, 0),
(5, 888, 0),
(5, 889, 0),
(5, 890, 0),
(5, 891, 0),
(5, 892, 0),
(5, 893, 0),
(5, 894, 0),
(5, 895, 0),
(5, 896, 0),
(5, 897, 0),
(5, 898, 0),
(5, 899, 0),
(5, 900, 0),
(5, 901, 0),
(5, 902, 0),
(5, 903, 0),
(5, 904, 0),
(5, 905, 0),
(5, 906, 0),
(5, 907, 0),
(5, 908, 0),
(5, 909, 0),
(5, 910, 0),
(5, 911, 0),
(5, 912, 0),
(5, 913, 0),
(5, 914, 0),
(5, 915, 0),
(5, 916, 0),
(5, 917, 0),
(5, 918, 0),
(5, 919, 0),
(5, 920, 0),
(5, 921, 0),
(5, 922, 0),
(5, 923, 0),
(5, 924, 0),
(5, 925, 0),
(5, 926, 0),
(5, 927, 0),
(5, 928, 0),
(5, 929, 0),
(5, 930, 0),
(5, 931, 0),
(5, 932, 0),
(5, 933, 0),
(5, 934, 0),
(5, 935, 0),
(5, 936, 0),
(5, 937, 0),
(5, 938, 0),
(5, 939, 0),
(5, 940, 0),
(5, 941, 0),
(5, 942, 0),
(5, 943, 0),
(5, 944, 0),
(5, 945, 0),
(5, 946, 0),
(5, 947, 0),
(5, 948, 0),
(5, 949, 0),
(5, 950, 0),
(5, 951, 0),
(5, 952, 0),
(5, 953, 0),
(5, 954, 0),
(5, 955, 0),
(5, 956, 0),
(5, 957, 0),
(5, 958, 0),
(5, 959, 0),
(5, 960, 0),
(5, 961, 0),
(5, 962, 0),
(5, 963, 0),
(5, 964, 0),
(5, 965, 0),
(5, 966, 0),
(5, 967, 0),
(5, 968, 0),
(5, 969, 0),
(5, 970, 0),
(5, 971, 0),
(5, 972, 0),
(5, 973, 0),
(5, 974, 0),
(5, 975, 0),
(5, 976, 0),
(5, 977, 0),
(5, 978, 0),
(5, 979, 0),
(5, 980, 0),
(5, 981, 0),
(5, 982, 0),
(5, 983, 0),
(5, 984, 0),
(5, 985, 0),
(5, 986, 0),
(5, 987, 0),
(5, 988, 0),
(5, 989, 0),
(5, 990, 0),
(5, 991, 0),
(5, 992, 0),
(5, 993, 0),
(5, 994, 0),
(5, 995, 0),
(5, 996, 0),
(5, 997, 0),
(5, 998, 0),
(5, 999, 0),
(5, 1000, 0),
(5, 1001, 0),
(6, 2, 1),
(6, 3, 0),
(6, 4, 1),
(6, 5, 0),
(6, 6, 0),
(6, 7, 0),
(6, 8, 0),
(6, 9, 0),
(6, 10, 0),
(6, 11, 0),
(6, 12, 0),
(6, 13, 1),
(6, 14, 0),
(6, 15, 0),
(6, 16, 0),
(6, 17, 1),
(6, 18, 1),
(6, 19, 0),
(6, 20, 0),
(6, 21, 0),
(6, 22, 0),
(6, 23, 1),
(6, 24, 1),
(6, 25, 0),
(6, 26, 1),
(6, 27, 0),
(6, 28, 0),
(6, 29, 0),
(6, 30, 1),
(6, 31, 0),
(6, 32, 1),
(6, 33, 0),
(6, 34, 0),
(6, 35, 0),
(6, 36, 0),
(6, 37, 1),
(6, 38, 1),
(6, 39, 0),
(6, 40, 1),
(6, 41, 0),
(6, 42, 0),
(6, 43, 0),
(6, 44, 0),
(6, 45, 1),
(6, 46, 0),
(6, 47, 0),
(6, 48, 1),
(6, 49, 1),
(6, 50, 0),
(6, 51, 0),
(6, 52, 0),
(6, 53, 0),
(6, 54, 1),
(6, 55, 1),
(6, 56, 1),
(6, 57, 1),
(6, 58, 0),
(6, 59, 0),
(6, 60, 0),
(6, 61, 1),
(6, 62, 0),
(6, 63, 1),
(6, 64, 1),
(6, 65, 1),
(6, 66, 0),
(6, 67, 1),
(6, 68, 1),
(6, 69, 0),
(6, 70, 1),
(6, 71, 0),
(6, 72, 1),
(6, 73, 0),
(6, 74, 1),
(6, 75, 0),
(6, 76, 1),
(6, 77, 1),
(6, 78, 1),
(6, 79, 1),
(6, 80, 1),
(6, 81, 0),
(6, 82, 1),
(6, 83, 0),
(6, 84, 0),
(6, 85, 0),
(6, 86, 1),
(6, 87, 1),
(6, 88, 0),
(6, 89, 0),
(6, 90, 0),
(6, 91, 1),
(6, 92, 1),
(6, 93, 0),
(6, 94, 1),
(6, 95, 1),
(6, 96, 0),
(6, 97, 1),
(6, 98, 1),
(6, 99, 1),
(6, 100, 0),
(6, 101, 0),
(6, 102, 0),
(6, 103, 0),
(6, 104, 1),
(6, 105, 0),
(6, 106, 0),
(6, 107, 1),
(6, 108, 0),
(6, 109, 1),
(6, 110, 0),
(6, 111, 0),
(6, 112, 1),
(6, 113, 1),
(6, 114, 1),
(6, 115, 1),
(6, 116, 0),
(6, 117, 0),
(6, 118, 1),
(6, 119, 1),
(6, 120, 1),
(6, 121, 0),
(6, 122, 1),
(6, 123, 1),
(6, 124, 1),
(6, 125, 1),
(6, 126, 1),
(6, 127, 1),
(6, 128, 1),
(6, 129, 1),
(6, 130, 1),
(6, 131, 1),
(6, 132, 0),
(6, 133, 0),
(6, 134, 1),
(6, 135, 1),
(6, 136, 1),
(6, 137, 0),
(6, 138, 0),
(6, 139, 1),
(6, 140, 0),
(6, 141, 1),
(6, 142, 1),
(6, 143, 1),
(6, 144, 1),
(6, 145, 1),
(6, 146, 1),
(6, 147, 0),
(6, 148, 0),
(6, 149, 0),
(6, 150, 0),
(6, 151, 1),
(6, 152, 1),
(6, 153, 1),
(6, 154, 0),
(6, 155, 0),
(6, 156, 1),
(6, 157, 1),
(6, 158, 0),
(6, 159, 1),
(6, 160, 0),
(6, 161, 0),
(6, 162, 0),
(6, 163, 0),
(6, 164, 0),
(6, 165, 0),
(6, 166, 1),
(6, 167, 0),
(6, 168, 1),
(6, 169, 0),
(6, 170, 0),
(6, 171, 1),
(6, 172, 0),
(6, 173, 0),
(6, 174, 0),
(6, 175, 0),
(6, 176, 0),
(6, 177, 0),
(6, 178, 0),
(6, 179, 0),
(6, 180, 1),
(6, 181, 0),
(6, 182, 1),
(6, 183, 0),
(6, 184, 0),
(6, 185, 1),
(6, 186, 0),
(6, 187, 1),
(6, 188, 0),
(6, 189, 0),
(6, 190, 1),
(6, 191, 0),
(6, 192, 1),
(6, 193, 0),
(6, 194, 0),
(6, 195, 0),
(6, 196, 0),
(6, 197, 1),
(6, 198, 1),
(6, 199, 1),
(6, 200, 1),
(6, 201, 0),
(6, 202, 0),
(6, 203, 0),
(6, 204, 0),
(6, 205, 1),
(6, 206, 1),
(6, 207, 0),
(6, 208, 1),
(6, 209, 0),
(6, 210, 1),
(6, 211, 1),
(6, 212, 1),
(6, 213, 1),
(6, 214, 1),
(6, 215, 0),
(6, 216, 1),
(6, 217, 1),
(6, 218, 1),
(6, 219, 0),
(6, 220, 1),
(6, 221, 1),
(6, 222, 1),
(6, 223, 1),
(6, 224, 0),
(6, 225, 0),
(6, 226, 0),
(6, 227, 1),
(6, 228, 1),
(6, 229, 0),
(6, 230, 1),
(6, 231, 1),
(6, 232, 0),
(6, 233, 0),
(6, 234, 1),
(6, 235, 1),
(6, 236, 0),
(6, 237, 0),
(6, 238, 0),
(6, 239, 1),
(6, 240, 0),
(6, 241, 0),
(6, 242, 1),
(6, 243, 1),
(6, 244, 0),
(6, 245, 0),
(6, 246, 0),
(6, 247, 0),
(6, 248, 0),
(6, 249, 0),
(6, 250, 0),
(6, 251, 0),
(6, 252, 0),
(6, 253, 1),
(6, 254, 1),
(6, 255, 0),
(6, 256, 1),
(6, 257, 0),
(6, 258, 1),
(6, 259, 0),
(6, 260, 0),
(6, 261, 0),
(6, 262, 0),
(6, 263, 0),
(6, 264, 0),
(6, 265, 0),
(6, 266, 0),
(6, 267, 0),
(6, 268, 0),
(6, 269, 0),
(6, 270, 0),
(6, 271, 0),
(6, 272, 0),
(6, 273, 0),
(6, 274, 0),
(6, 275, 1),
(6, 276, 0),
(6, 277, 0),
(6, 278, 1),
(6, 279, 0),
(6, 280, 0),
(6, 281, 0),
(6, 282, 1),
(6, 283, 0),
(6, 284, 0),
(6, 285, 0),
(6, 286, 0),
(6, 287, 0),
(6, 288, 0),
(6, 289, 0),
(6, 290, 0),
(6, 291, 1),
(6, 292, 0),
(6, 293, 0),
(6, 294, 0),
(6, 295, 0),
(6, 296, 0),
(6, 297, 0),
(6, 298, 0),
(6, 299, 0),
(6, 300, 1),
(6, 301, 0),
(6, 302, 0),
(6, 303, 1),
(6, 304, 0),
(6, 305, 1),
(6, 306, 0),
(6, 307, 0),
(6, 308, 0),
(6, 309, 0),
(6, 310, 0),
(6, 311, 0),
(6, 312, 0),
(6, 313, 1),
(6, 314, 0),
(6, 315, 0),
(6, 316, 1),
(6, 317, 1),
(6, 318, 0),
(6, 319, 0),
(6, 320, 0),
(6, 321, 1),
(6, 322, 0),
(6, 323, 0),
(6, 324, 0),
(6, 325, 0),
(6, 326, 0),
(6, 327, 0),
(6, 328, 0),
(6, 329, 0),
(6, 330, 0),
(6, 331, 0),
(6, 332, 0),
(6, 333, 0),
(6, 334, 0),
(6, 335, 0),
(6, 336, 0),
(6, 337, 0),
(6, 338, 0),
(6, 339, 1),
(6, 340, 1),
(6, 341, 1),
(6, 342, 1),
(6, 343, 0),
(6, 344, 1),
(6, 345, 1),
(6, 346, 0),
(6, 347, 1),
(6, 348, 1),
(6, 349, 1),
(6, 350, 0),
(6, 351, 1),
(6, 352, 0),
(6, 353, 1),
(6, 354, 1),
(6, 355, 1),
(6, 356, 0),
(6, 357, 1),
(6, 358, 0),
(6, 359, 1),
(6, 360, 1),
(6, 361, 1),
(6, 362, 0),
(6, 363, 0),
(6, 364, 1),
(6, 365, 0),
(6, 366, 0),
(6, 367, 1),
(6, 368, 1),
(6, 369, 1),
(6, 370, 1),
(6, 371, 0),
(6, 372, 0),
(6, 373, 0),
(6, 374, 0),
(6, 375, 1),
(6, 376, 0),
(6, 377, 1),
(6, 378, 1),
(6, 379, 1),
(6, 380, 1),
(6, 381, 0),
(6, 382, 1),
(6, 383, 0),
(6, 384, 1),
(6, 385, 0),
(6, 386, 1),
(6, 387, 1),
(6, 388, 1),
(6, 389, 0),
(6, 390, 0),
(6, 391, 1),
(6, 392, 1),
(6, 393, 0),
(6, 394, 1),
(6, 395, 0),
(6, 396, 0),
(6, 397, 0),
(6, 398, 1),
(6, 399, 0),
(6, 400, 0),
(6, 401, 0),
(6, 402, 1),
(6, 403, 0),
(6, 404, 1),
(6, 405, 0),
(6, 406, 0),
(6, 407, 1),
(6, 408, 0),
(6, 409, 1),
(6, 410, 0),
(6, 411, 0),
(6, 412, 1),
(6, 413, 0),
(6, 414, 1),
(6, 415, 1),
(6, 416, 1),
(6, 417, 0),
(6, 418, 0),
(6, 419, 0),
(6, 420, 0),
(6, 421, 0),
(6, 422, 0),
(6, 423, 1),
(6, 424, 0),
(6, 425, 0),
(6, 426, 0),
(6, 427, 0),
(6, 428, 1),
(6, 429, 0),
(6, 430, 0),
(6, 431, 0),
(6, 432, 0),
(6, 433, 0),
(6, 434, 0),
(6, 435, 0),
(6, 436, 0),
(6, 437, 0),
(6, 438, 0),
(6, 439, 0),
(6, 440, 0),
(6, 441, 0),
(6, 442, 0),
(6, 443, 0),
(6, 444, 0),
(6, 445, 0),
(6, 446, 0),
(6, 447, 1),
(6, 448, 0),
(6, 449, 0),
(6, 450, 0),
(6, 451, 0),
(6, 452, 0),
(6, 453, 1),
(6, 454, 0),
(6, 455, 0),
(6, 456, 0),
(6, 457, 0),
(6, 458, 1),
(6, 459, 0),
(6, 460, 0),
(6, 461, 0),
(6, 462, 0),
(6, 463, 0),
(6, 464, 0),
(6, 465, 1),
(6, 466, 1),
(6, 467, 0),
(6, 468, 0),
(6, 469, 1),
(6, 470, 0),
(6, 471, 0),
(6, 472, 1),
(6, 473, 0),
(6, 474, 0),
(6, 475, 0),
(6, 476, 1),
(6, 477, 0),
(6, 478, 0),
(6, 479, 0),
(6, 480, 0),
(6, 481, 0),
(6, 482, 0),
(6, 483, 1),
(6, 484, 0),
(6, 485, 0),
(6, 486, 0),
(6, 487, 0),
(6, 488, 1),
(6, 489, 1),
(6, 490, 0),
(6, 491, 0),
(6, 492, 0),
(6, 493, 0),
(6, 494, 1),
(6, 495, 1),
(6, 496, 0),
(6, 497, 1),
(6, 498, 1),
(6, 499, 0),
(6, 500, 1),
(6, 501, 1),
(6, 502, 0),
(6, 503, 0),
(6, 504, 0),
(6, 505, 1),
(6, 506, 1),
(6, 507, 0),
(6, 508, 0),
(6, 509, 0),
(6, 510, 0),
(6, 511, 0),
(6, 512, 0),
(6, 513, 0),
(6, 514, 0),
(6, 515, 0),
(6, 516, 0),
(6, 517, 1),
(6, 518, 1),
(6, 519, 1),
(6, 520, 1),
(6, 521, 1),
(6, 522, 0),
(6, 523, 0),
(6, 524, 1),
(6, 525, 1),
(6, 526, 0),
(6, 527, 0),
(6, 528, 0),
(6, 529, 0),
(6, 530, 0),
(6, 531, 1),
(6, 532, 0),
(6, 533, 1),
(6, 534, 0),
(6, 535, 0),
(6, 536, 0),
(6, 537, 1),
(6, 538, 1),
(6, 539, 1),
(6, 540, 0),
(6, 541, 0),
(6, 542, 0),
(6, 543, 0),
(6, 544, 1),
(6, 545, 1),
(6, 546, 0),
(6, 547, 0),
(6, 548, 0),
(6, 549, 0),
(6, 550, 1),
(6, 551, 0),
(6, 552, 0),
(6, 553, 0),
(6, 554, 0),
(6, 555, 0),
(6, 556, 0),
(6, 557, 0),
(6, 558, 1),
(6, 559, 0),
(6, 560, 0),
(6, 561, 0),
(6, 562, 0),
(6, 563, 0),
(6, 564, 0),
(6, 565, 0),
(6, 566, 0),
(6, 567, 0),
(6, 568, 0),
(6, 569, 1),
(6, 570, 1),
(6, 571, 0),
(6, 572, 0),
(6, 573, 0),
(6, 574, 0),
(6, 575, 0),
(6, 576, 0),
(6, 577, 0),
(6, 578, 0),
(6, 579, 0),
(6, 580, 0),
(6, 581, 0),
(6, 582, 0),
(6, 583, 0),
(6, 584, 0),
(6, 585, 0),
(6, 586, 0),
(6, 587, 0),
(6, 588, 0),
(6, 589, 1),
(6, 590, 0),
(6, 591, 0),
(6, 592, 0),
(6, 593, 0),
(6, 594, 0),
(6, 595, 0),
(6, 596, 0),
(6, 597, 0),
(6, 598, 1),
(6, 599, 0),
(6, 600, 0),
(6, 601, 0),
(6, 602, 0),
(6, 603, 0),
(6, 604, 1),
(6, 605, 0),
(6, 606, 0),
(6, 607, 0),
(6, 608, 0),
(6, 609, 0),
(6, 610, 1),
(6, 611, 0),
(6, 612, 1),
(6, 613, 1),
(6, 614, 1),
(6, 615, 0),
(6, 616, 0),
(6, 617, 0),
(6, 618, 0),
(6, 619, 1),
(6, 620, 1),
(6, 621, 0),
(6, 622, 0),
(6, 623, 1),
(6, 624, 0),
(6, 625, 0),
(6, 626, 0),
(6, 627, 0),
(6, 628, 0),
(6, 629, 0),
(6, 630, 0),
(6, 631, 0),
(6, 632, 0),
(6, 633, 0),
(6, 634, 0),
(6, 635, 0),
(6, 636, 0),
(6, 637, 0),
(6, 638, 0),
(6, 639, 0),
(6, 640, 0),
(6, 641, 0),
(6, 642, 0),
(6, 643, 0),
(6, 644, 1),
(6, 645, 1),
(6, 646, 1),
(6, 647, 1),
(6, 648, 1),
(6, 649, 0),
(6, 650, 0),
(6, 651, 0),
(6, 652, 1),
(6, 653, 1),
(6, 654, 0),
(6, 655, 0),
(6, 656, 0),
(6, 657, 0),
(6, 658, 1),
(6, 659, 1),
(6, 660, 0),
(6, 661, 0),
(6, 662, 0),
(6, 663, 0),
(6, 664, 0),
(6, 665, 1),
(6, 666, 0),
(6, 667, 1),
(6, 668, 0),
(6, 669, 0),
(6, 670, 0),
(6, 671, 0),
(6, 672, 0),
(6, 673, 0),
(6, 674, 0),
(6, 675, 0),
(6, 676, 0),
(6, 677, 0),
(6, 678, 1),
(6, 679, 0),
(6, 680, 0),
(6, 681, 0),
(6, 682, 1),
(6, 683, 0),
(6, 684, 0),
(6, 685, 0),
(6, 686, 0),
(6, 687, 1),
(6, 688, 0),
(6, 689, 0),
(6, 690, 0),
(6, 691, 0),
(6, 692, 0),
(6, 693, 0),
(6, 694, 0),
(6, 695, 0),
(6, 696, 1),
(6, 697, 1),
(6, 698, 0),
(6, 699, 0),
(6, 700, 0),
(6, 701, 1),
(6, 702, 0),
(6, 703, 0),
(6, 704, 0),
(6, 705, 0),
(6, 706, 0),
(6, 707, 0),
(6, 708, 1),
(6, 709, 0),
(6, 710, 1),
(6, 711, 0),
(6, 712, 0),
(6, 713, 0),
(6, 714, 0),
(6, 715, 0),
(6, 716, 0),
(6, 717, 1),
(6, 718, 0),
(6, 719, 0),
(6, 720, 0),
(6, 721, 0),
(6, 722, 1),
(6, 723, 0),
(6, 724, 0),
(6, 725, 1),
(6, 726, 0),
(6, 727, 0),
(6, 728, 0),
(6, 729, 0),
(6, 730, 1),
(6, 731, 0),
(6, 732, 0),
(6, 733, 0),
(6, 734, 0),
(6, 735, 0),
(6, 736, 1),
(6, 737, 0),
(6, 738, 0),
(6, 739, 1),
(6, 740, 0),
(6, 741, 0),
(6, 742, 0),
(6, 743, 1),
(6, 744, 0),
(6, 745, 0),
(6, 746, 0),
(6, 747, 0),
(6, 748, 0),
(6, 749, 0),
(6, 750, 1),
(6, 751, 0),
(6, 752, 1),
(6, 753, 1),
(6, 754, 0),
(6, 755, 0),
(6, 756, 0),
(6, 757, 0),
(6, 758, 1),
(6, 759, 1),
(6, 760, 0),
(6, 761, 0),
(6, 762, 0),
(6, 763, 1),
(6, 764, 1),
(6, 765, 0),
(6, 766, 0),
(6, 767, 1),
(6, 768, 0),
(6, 769, 0),
(6, 770, 1),
(6, 771, 0),
(6, 772, 0),
(6, 773, 0),
(6, 774, 1),
(6, 775, 1),
(6, 776, 1),
(6, 777, 0),
(6, 778, 1),
(6, 779, 1),
(6, 780, 0),
(6, 781, 1),
(6, 782, 1),
(6, 783, 0),
(6, 784, 1),
(6, 785, 0),
(6, 786, 1),
(6, 787, 1),
(6, 788, 0),
(6, 789, 1),
(6, 790, 0),
(6, 791, 1),
(6, 792, 0),
(6, 793, 0),
(6, 794, 0),
(6, 795, 0),
(6, 796, 0),
(6, 797, 1),
(6, 798, 0),
(6, 799, 0),
(6, 800, 0),
(6, 801, 1),
(6, 802, 0),
(6, 803, 1),
(6, 804, 1),
(6, 805, 0),
(6, 806, 1),
(6, 807, 0),
(6, 808, 0),
(6, 809, 1),
(6, 810, 0),
(6, 811, 1),
(6, 812, 1),
(6, 813, 0),
(6, 814, 1),
(6, 815, 0),
(6, 816, 0),
(6, 817, 0),
(6, 818, 0),
(6, 819, 1),
(6, 820, 0),
(6, 821, 1),
(6, 822, 0),
(6, 823, 0),
(6, 824, 1),
(6, 825, 1),
(6, 826, 0),
(6, 827, 0),
(6, 828, 0),
(6, 829, 1),
(6, 830, 1),
(6, 831, 1),
(6, 832, 0),
(6, 833, 1),
(6, 834, 0),
(6, 835, 0),
(6, 836, 0),
(6, 837, 0),
(6, 838, 0),
(6, 839, 0),
(6, 840, 0),
(6, 841, 0),
(6, 842, 0),
(6, 843, 1),
(6, 844, 0),
(6, 845, 0),
(6, 846, 0),
(6, 847, 0),
(6, 848, 0),
(6, 849, 0),
(6, 850, 0),
(6, 851, 0),
(6, 852, 0),
(6, 853, 0),
(6, 854, 0),
(6, 855, 0),
(6, 856, 0),
(6, 857, 0),
(6, 858, 0),
(6, 859, 0),
(6, 860, 0),
(6, 861, 0),
(6, 862, 0),
(6, 863, 0),
(6, 864, 0),
(6, 865, 0),
(6, 866, 0),
(6, 867, 0),
(6, 868, 0),
(6, 869, 0),
(6, 870, 0),
(6, 871, 0),
(6, 872, 0),
(6, 873, 0),
(6, 874, 0),
(6, 875, 0),
(6, 876, 0),
(6, 877, 0),
(6, 878, 0),
(6, 879, 0),
(6, 880, 0),
(6, 881, 0),
(6, 882, 0),
(6, 883, 0),
(6, 884, 0),
(6, 885, 0),
(6, 886, 1),
(6, 887, 1),
(6, 888, 0),
(6, 889, 0),
(6, 890, 0),
(6, 891, 0),
(6, 892, 0),
(6, 893, 0),
(6, 894, 0),
(6, 895, 0),
(6, 896, 1),
(6, 897, 0),
(6, 898, 0),
(6, 899, 0),
(6, 900, 0),
(6, 901, 0),
(6, 902, 0),
(6, 903, 0),
(6, 904, 1),
(6, 905, 0),
(6, 906, 0),
(6, 907, 1),
(6, 908, 1),
(6, 909, 0),
(6, 910, 0),
(6, 911, 0),
(6, 912, 1),
(6, 913, 0),
(6, 914, 1),
(6, 915, 0),
(6, 916, 1),
(6, 917, 0),
(6, 918, 0),
(6, 919, 1),
(6, 920, 0),
(6, 921, 0),
(6, 922, 1),
(6, 923, 1),
(6, 924, 0),
(6, 925, 0),
(6, 926, 0),
(6, 927, 0),
(6, 928, 1),
(6, 929, 1),
(6, 930, 1),
(6, 931, 1),
(6, 932, 0),
(6, 933, 0),
(6, 934, 0),
(6, 935, 1),
(6, 936, 0),
(6, 937, 1),
(6, 938, 1),
(6, 939, 0),
(6, 940, 0),
(6, 941, 0),
(6, 942, 0),
(6, 943, 0),
(6, 944, 0),
(6, 945, 0),
(6, 946, 0),
(6, 947, 1),
(6, 948, 1),
(6, 949, 0),
(6, 950, 0),
(6, 951, 1),
(6, 952, 0),
(6, 953, 1),
(6, 954, 0),
(6, 955, 0),
(6, 956, 0),
(6, 957, 1),
(6, 958, 0),
(6, 959, 1),
(6, 960, 1),
(6, 961, 1),
(6, 962, 0),
(6, 963, 0),
(6, 964, 0),
(6, 965, 1),
(6, 966, 1),
(6, 967, 0),
(6, 968, 1),
(6, 969, 1),
(6, 970, 0),
(6, 971, 1),
(6, 972, 0),
(6, 973, 0),
(6, 974, 0),
(6, 975, 0),
(6, 976, 1),
(6, 977, 0),
(6, 978, 0),
(6, 979, 0),
(6, 980, 1),
(6, 981, 0),
(6, 982, 0),
(6, 983, 1),
(6, 984, 0),
(6, 985, 0),
(6, 986, 0),
(6, 987, 0),
(6, 988, 0),
(6, 989, 1),
(6, 990, 0),
(6, 991, 0),
(6, 992, 1),
(6, 993, 1),
(6, 994, 1),
(6, 995, 0),
(6, 996, 0),
(6, 997, 0),
(6, 998, 1),
(6, 999, 0),
(6, 1000, 0),
(6, 1001, 0);

-- --------------------------------------------------------

--
-- Structure de la table `VISIT`
--

CREATE TABLE `VISIT` (
  `id_Visit` bigint(20) UNSIGNED NOT NULL,
  `Period` varchar(4) NOT NULL,
  `FK_Beekeeper` bigint(20) UNSIGNED NOT NULL
) ENGINE=InnoDB DEFAULT CHARSET=utf8;

--
-- Contenu de la table `VISIT`
--

INSERT INTO `VISIT` (`id_Visit`, `Period`, `FK_Beekeeper`) VALUES
(1, 'V2', 9524),
(2, 'V2', 9525),
(3, 'V2', 9526),
(4, 'V2', 9527),
(5, 'V2', 9528),
(6, 'V2', 9529),
(7, 'V2', 9530),
(8, 'V2', 9531),
(9, 'V2', 9532),
(10, 'V2', 9533),
(11, 'V2', 9534),
(12, 'V2', 9535),
(13, 'V2', 9536),
(14, 'V2', 9537),
(15, 'V2', 9538),
(16, 'V2', 9539),
(17, 'V2', 9540),
(18, 'V2', 9541),
(19, 'V2', 9542),
(20, 'V2', 9543),
(21, 'V2', 9544),
(22, 'V2', 9545),
(23, 'V2', 9546),
(24, 'V2', 9547),
(25, 'V2', 9548),
(26, 'V2', 9549),
(27, 'V2', 9550),
(28, 'V2', 9551),
(29, 'V2', 9552),
(30, 'V2', 9553),
(31, 'V2', 9554),
(32, 'V2', 9555),
(33, 'V2', 9556),
(34, 'V2', 9557),
(35, 'V2', 9558),
(36, 'V2', 9559),
(37, 'V2', 9560),
(38, 'V2', 9561),
(39, 'V2', 9562),
(40, 'V2', 9563),
(41, 'V2', 9564),
(42, 'V2', 9565),
(43, 'V2', 9566),
(44, 'V2', 9567),
(45, 'V2', 9568),
(46, 'V2', 9569),
(47, 'V2', 9570),
(48, 'V2', 9571),
(49, 'V2', 9572),
(50, 'V2', 9573),
(51, 'V2', 9574),
(52, 'V2', 9575),
(53, 'V2', 9576),
(54, 'V2', 9577),
(55, 'V2', 9578),
(56, 'V2', 9579),
(57, 'V2', 9580),
(58, 'V2', 9581),
(59, 'V2', 9582),
(60, 'V2', 9583),
(61, 'V2', 9584),
(62, 'V2', 9585),
(63, 'V2', 9586),
(64, 'V2', 9587),
(65, 'V2', 9588),
(66, 'V2', 9589),
(67, 'V2', 9590),
(68, 'V2', 9591),
(69, 'V2', 9592),
(70, 'V2', 9593),
(71, 'V2', 9594),
(72, 'V2', 9595),
(73, 'V2', 9596),
(74, 'V2', 9597),
(75, 'V2', 9598),
(76, 'V2', 9599),
(77, 'V2', 9600),
(78, 'V2', 9601),
(79, 'V2', 9602),
(80, 'V2', 9603),
(81, 'V2', 9604),
(82, 'V2', 9605),
(83, 'V2', 9606),
(84, 'V2', 9607),
(85, 'V2', 9608),
(86, 'V2', 9609),
(87, 'V2', 9610),
(88, 'V2', 9611),
(89, 'V2', 9612),
(90, 'V2', 9613),
(91, 'V2', 9614),
(92, 'V2', 9615),
(93, 'V2', 9616),
(94, 'V2', 9617),
(95, 'V2', 9618),
(96, 'V2', 9619),
(97, 'V2', 9620),
(98, 'V2', 9621),
(99, 'V2', 9622),
(100, 'V2', 9623),
(101, 'V2', 9624),
(102, 'V2', 9625),
(103, 'V2', 9626),
(104, 'V2', 9627),
(105, 'V2', 9628),
(106, 'V2', 9629),
(107, 'V2', 9630),
(108, 'V2', 9631),
(109, 'V2', 9632),
(110, 'V2', 9633),
(111, 'V2', 9634),
(112, 'V2', 9635),
(113, 'V2', 9636),
(114, 'V2', 9637),
(115, 'V2', 9638),
(116, 'V2', 9639),
(117, 'V2', 9640),
(118, 'V2', 9641),
(119, 'V2', 9642),
(120, 'V2', 9643),
(121, 'V2', 9644),
(122, 'V2', 9645),
(123, 'V2', 9646),
(124, 'V2', 9647),
(125, 'V2', 9648),
(126, 'V2', 9649),
(127, 'V2', 9650),
(128, 'V2', 9651),
(129, 'V2', 9652),
(130, 'V2', 9653),
(131, 'V2', 9654),
(132, 'V2', 9655),
(133, 'V2', 9656),
(134, 'V2', 9657),
(135, 'V2', 9658),
(136, 'V2', 9659),
(137, 'V2', 9660),
(138, 'V2', 9661),
(139, 'V2', 9662),
(140, 'V2', 9663),
(141, 'V2', 9664),
(142, 'V2', 9665),
(143, 'V2', 9666),
(144, 'V2', 9667),
(145, 'V2', 9668),
(146, 'V2', 9669),
(147, 'V2', 9670),
(148, 'V2', 9671),
(149, 'V2', 9672),
(150, 'V2', 9673),
(151, 'V2', 9674),
(152, 'V2', 9675),
(153, 'V2', 9676),
(154, 'V2', 9677),
(155, 'V2', 9678),
(156, 'V2', 9679),
(157, 'V2', 9680),
(158, 'V2', 9681),
(159, 'V2', 9682),
(160, 'V2', 9683),
(161, 'V2', 9684),
(162, 'V2', 9685),
(163, 'V2', 9686),
(164, 'V2', 9687),
(165, 'V2', 9688),
(166, 'V2', 9689),
(167, 'V2', 9690),
(168, 'V2', 9691),
(169, 'V2', 9692),
(170, 'V2', 9693),
(171, 'V2', 9694),
(172, 'V2', 9695),
(173, 'V2', 9696),
(174, 'V2', 9697),
(175, 'V2', 9698),
(176, 'V2', 9699),
(177, 'V2', 9700),
(178, 'V2', 9701),
(179, 'V2', 9702),
(180, 'V2', 9703),
(181, 'V2', 9704),
(182, 'V2', 9705),
(183, 'V2', 9706),
(184, 'V2', 9707),
(185, 'V2', 9708),
(186, 'V2', 9709),
(187, 'V2', 9710),
(188, 'V2', 9711),
(189, 'V2', 9712),
(190, 'V2', 9713),
(191, 'V2', 9714),
(192, 'V2', 9715),
(193, 'V2', 9716),
(194, 'V2', 9717),
(195, 'V2', 9718),
(196, 'V2', 9719),
(197, 'V2', 9720),
(198, 'V2', 9721),
(199, 'V2', 9722),
(200, 'V2', 9723),
(201, 'V2', 9724),
(202, 'V2', 9725),
(203, 'V2', 9726),
(204, 'V2', 9727),
(205, 'V2', 9728),
(206, 'V2', 9729),
(207, 'V2', 9730),
(208, 'V2', 9731),
(209, 'V2', 9732),
(210, 'V2', 9733),
(211, 'V2', 9734),
(212, 'V2', 9735),
(213, 'V2', 9736),
(214, 'V2', 9737),
(215, 'V2', 9738),
(216, 'V2', 9739),
(217, 'V2', 9740),
(218, 'V2', 9741),
(219, 'V2', 9742),
(220, 'V2', 9743),
(221, 'V2', 9744),
(222, 'V2', 9745),
(223, 'V2', 9746),
(224, 'V2', 9747),
(225, 'V2', 9748),
(226, 'V2', 9749),
(227, 'V2', 9750),
(228, 'V2', 9751),
(229, 'V2', 9752),
(230, 'V2', 9753),
(231, 'V2', 9754),
(232, 'V2', 9755),
(233, 'V2', 9756),
(234, 'V2', 9757),
(235, 'V2', 9758),
(236, 'V2', 9759),
(237, 'V2', 9760),
(238, 'V2', 9761),
(239, 'V2', 9762),
(240, 'V2', 9763),
(241, 'V2', 9764),
(242, 'V2', 9765),
(243, 'V2', 9766),
(244, 'V2', 9767),
(245, 'V2', 9768),
(246, 'V2', 9769),
(247, 'V2', 9770),
(248, 'V2', 9771),
(249, 'V2', 9772),
(250, 'V2', 9773),
(251, 'V2', 9774),
(252, 'V2', 9775),
(253, 'V2', 9776),
(254, 'V2', 9777),
(255, 'V2', 9778),
(256, 'V2', 9779),
(257, 'V2', 9780),
(258, 'V2', 9781),
(259, 'V2', 9782),
(260, 'V2', 9783),
(261, 'V2', 9784),
(262, 'V2', 9785),
(263, 'V2', 9786),
(264, 'V2', 9787),
(265, 'V2', 9788),
(266, 'V2', 9789),
(267, 'V2', 9790),
(268, 'V2', 9791),
(269, 'V2', 9792),
(270, 'V2', 9793),
(271, 'V2', 9794),
(272, 'V2', 9795),
(273, 'V2', 9796),
(274, 'V2', 9797),
(275, 'V2', 9798),
(276, 'V2', 9799),
(277, 'V2', 9800),
(278, 'V2', 9801),
(279, 'V2', 9802),
(280, 'V2', 9803),
(281, 'V2', 9804),
(282, 'V2', 9805),
(283, 'V2', 9806),
(284, 'V2', 9807),
(285, 'V2', 9808),
(286, 'V2', 9809),
(287, 'V2', 9810),
(288, 'V2', 9811),
(289, 'V2', 9812),
(290, 'V2', 9813),
(291, 'V2', 9814),
(292, 'V2', 9815),
(293, 'V2', 9816),
(294, 'V2', 9817),
(295, 'V2', 9818),
(296, 'V2', 9819),
(297, 'V2', 9820),
(298, 'V2', 9821),
(299, 'V2', 9822),
(300, 'V2', 9823),
(301, 'V2', 9824),
(302, 'V2', 9825),
(303, 'V2', 9826),
(304, 'V2', 9827),
(305, 'V2', 9828),
(306, 'V2', 9829),
(307, 'V2', 9830),
(308, 'V2', 9831),
(309, 'V2', 9832),
(310, 'V2', 9833),
(311, 'V2', 9834),
(312, 'V2', 9835),
(313, 'V2', 9836),
(314, 'V2', 9837),
(315, 'V2', 9838),
(316, 'V2', 9839),
(317, 'V2', 9840),
(318, 'V2', 9841),
(319, 'V2', 9842),
(320, 'V2', 9843),
(321, 'V2', 9844),
(322, 'V2', 9845),
(323, 'V2', 9846),
(324, 'V2', 9847),
(325, 'V2', 9848),
(326, 'V2', 9849),
(327, 'V2', 9850),
(328, 'V2', 9851),
(329, 'V2', 9852),
(330, 'V2', 9853),
(331, 'V2', 9854),
(332, 'V2', 9855),
(333, 'V2', 9856),
(334, 'V2', 9857),
(335, 'V2', 9858),
(336, 'V2', 9859),
(337, 'V2', 9860),
(338, 'V2', 9861),
(339, 'V2', 9862),
(340, 'V2', 9863),
(341, 'V2', 9864),
(342, 'V2', 9865),
(343, 'V2', 9866),
(344, 'V2', 9867),
(345, 'V2', 9868),
(346, 'V2', 9869),
(347, 'V2', 9870),
(348, 'V2', 9871),
(349, 'V2', 9872),
(350, 'V2', 9873),
(351, 'V2', 9874),
(352, 'V2', 9875),
(353, 'V2', 9876),
(354, 'V2', 9877),
(355, 'V2', 9878),
(356, 'V2', 9879),
(357, 'V2', 9880),
(358, 'V2', 9881),
(359, 'V2', 9882),
(360, 'V2', 9883),
(361, 'V2', 9884),
(362, 'V2', 9885),
(363, 'V2', 9886),
(364, 'V2', 9887),
(365, 'V2', 9888),
(366, 'V2', 9889),
(367, 'V2', 9890),
(368, 'V2', 9891),
(369, 'V2', 9892),
(370, 'V2', 9893),
(371, 'V2', 9894),
(372, 'V2', 9895),
(373, 'V2', 9896),
(374, 'V2', 9897),
(375, 'V2', 9898),
(376, 'V2', 9899),
(377, 'V2', 9900),
(378, 'V2', 9901),
(379, 'V2', 9902),
(380, 'V2', 9903),
(381, 'V2', 9904),
(382, 'V2', 9905),
(383, 'V2', 9906),
(384, 'V2', 9907),
(385, 'V2', 9908),
(386, 'V2', 9909),
(387, 'V2', 9910),
(388, 'V2', 9911),
(389, 'V2', 9912),
(390, 'V2', 9913),
(391, 'V2', 9914),
(392, 'V2', 9915),
(393, 'V2', 9916),
(394, 'V2', 9917),
(395, 'V2', 9918),
(396, 'V2', 9919),
(397, 'V2', 9920),
(398, 'V2', 9921),
(399, 'V2', 9922),
(400, 'V2', 9923),
(401, 'V2', 9924),
(402, 'V2', 9925),
(403, 'V2', 9926),
(404, 'V2', 9927),
(405, 'V2', 9928),
(406, 'V2', 9929),
(407, 'V2', 9930),
(408, 'V2', 9931),
(409, 'V2', 9932),
(410, 'V2', 9933),
(411, 'V2', 9934),
(412, 'V2', 9935),
(413, 'V2', 9936),
(414, 'V2', 9937),
(415, 'V2', 9938),
(416, 'V2', 9939),
(417, 'V2', 9940),
(418, 'V2', 9941),
(419, 'V2', 9942),
(420, 'V2', 9943),
(421, 'V2', 9944),
(422, 'V2', 9945),
(423, 'V2', 9946),
(424, 'V2', 9947),
(425, 'V2', 9948),
(426, 'V2', 9949),
(427, 'V2', 9950),
(428, 'V2', 9951),
(429, 'V2', 9952),
(430, 'V2', 9953),
(431, 'V2', 9954),
(432, 'V2', 9955),
(433, 'V2', 9956),
(434, 'V2', 9957),
(435, 'V2', 9958),
(436, 'V2', 9959),
(437, 'V2', 9960),
(438, 'V2', 9961),
(439, 'V2', 9962),
(440, 'V2', 9963),
(441, 'V2', 9964),
(442, 'V2', 9965),
(443, 'V2', 9966),
(444, 'V2', 9967),
(445, 'V2', 9968),
(446, 'V2', 9969),
(447, 'V2', 9970),
(448, 'V2', 9971),
(449, 'V2', 9972),
(450, 'V2', 9973),
(451, 'V2', 9974),
(452, 'V2', 9975),
(453, 'V2', 9976),
(454, 'V2', 9977),
(455, 'V2', 9978),
(456, 'V2', 9979),
(457, 'V2', 9980),
(458, 'V2', 9981),
(459, 'V2', 9982),
(460, 'V2', 9983),
(461, 'V2', 9984),
(462, 'V2', 9985),
(463, 'V2', 9986),
(464, 'V2', 9987),
(465, 'V2', 9988),
(466, 'V2', 9989),
(467, 'V2', 9990),
(468, 'V2', 9991),
(469, 'V2', 9992),
(470, 'V2', 9993),
(471, 'V2', 9994),
(472, 'V2', 9995),
(473, 'V2', 9996),
(474, 'V2', 9997),
(475, 'V2', 9998),
(476, 'V2', 9999),
(477, 'V2', 10000),
(478, 'V2', 10001),
(479, 'V2', 10002),
(480, 'V2', 10003),
(481, 'V2', 10004),
(482, 'V2', 10005),
(483, 'V2', 10006),
(484, 'V2', 10007),
(485, 'V2', 10008),
(486, 'V2', 10009),
(487, 'V2', 10010),
(488, 'V2', 10011),
(489, 'V2', 10012),
(490, 'V2', 10013),
(491, 'V2', 10014),
(492, 'V2', 10015),
(493, 'V2', 10016),
(494, 'V2', 10017),
(495, 'V2', 10018),
(496, 'V2', 10019),
(497, 'V2', 10020),
(498, 'V2', 10021),
(499, 'V2', 10022),
(500, 'V2', 10023),
(501, 'V2', 10024),
(502, 'V2', 10025),
(503, 'V2', 10026),
(504, 'V2', 10027),
(505, 'V2', 10028),
(506, 'V2', 10029),
(507, 'V2', 10030),
(508, 'V2', 10031),
(509, 'V2', 10032),
(510, 'V2', 10033),
(511, 'V2', 10034),
(512, 'V2', 10035),
(513, 'V2', 10036),
(514, 'V2', 10037),
(515, 'V2', 10038),
(516, 'V2', 10039),
(517, 'V2', 10040),
(518, 'V2', 10041),
(519, 'V2', 10042),
(520, 'V2', 10043),
(521, 'V2', 10044),
(522, 'V2', 10045),
(523, 'V2', 10046),
(524, 'V2', 10047),
(525, 'V2', 10048),
(526, 'V2', 10049),
(527, 'V2', 10050),
(528, 'V2', 10051),
(529, 'V2', 10052),
(530, 'V2', 10053),
(531, 'V2', 10054),
(532, 'V2', 10055),
(533, 'V2', 10056),
(534, 'V2', 10057),
(535, 'V2', 10058),
(536, 'V2', 10059),
(537, 'V2', 10060),
(538, 'V2', 10061),
(539, 'V2', 10062),
(540, 'V2', 10063),
(541, 'V2', 10064),
(542, 'V2', 10065),
(543, 'V2', 10066),
(544, 'V2', 10067),
(545, 'V2', 10068),
(546, 'V2', 10069),
(547, 'V2', 10070),
(548, 'V2', 10071),
(549, 'V2', 10072),
(550, 'V2', 10073),
(551, 'V2', 10074),
(552, 'V2', 10075),
(553, 'V2', 10076),
(554, 'V2', 10077),
(555, 'V2', 10078),
(556, 'V2', 10079),
(557, 'V2', 10080),
(558, 'V2', 10081),
(559, 'V2', 10082),
(560, 'V2', 10083),
(561, 'V2', 10084),
(562, 'V2', 10085),
(563, 'V2', 10086),
(564, 'V2', 10087),
(565, 'V2', 10088),
(566, 'V2', 10089),
(567, 'V2', 10090),
(568, 'V2', 10091),
(569, 'V2', 10092),
(570, 'V2', 10093),
(571, 'V2', 10094),
(572, 'V2', 10095),
(573, 'V2', 10096),
(574, 'V2', 10097),
(575, 'V2', 10098),
(576, 'V2', 10099),
(577, 'V2', 10100),
(578, 'V2', 10101),
(579, 'V2', 10102),
(580, 'V2', 10103),
(581, 'V2', 10104),
(582, 'V2', 10105),
(583, 'V2', 10106),
(584, 'V2', 10107),
(585, 'V2', 10108),
(586, 'V2', 10109),
(587, 'V2', 10110),
(588, 'V2', 10111),
(589, 'V2', 10112),
(590, 'V2', 10113),
(591, 'V2', 10114),
(592, 'V2', 10115),
(593, 'V2', 10116),
(594, 'V2', 10117),
(595, 'V2', 10118),
(596, 'V2', 10119),
(597, 'V2', 10120),
(598, 'V2', 10121),
(599, 'V2', 10122),
(600, 'V2', 10123),
(601, 'V2', 10124),
(602, 'V2', 10125),
(603, 'V2', 10126),
(604, 'V2', 10127),
(605, 'V2', 10128),
(606, 'V2', 10129),
(607, 'V2', 10130),
(608, 'V2', 10131),
(609, 'V2', 10132),
(610, 'V2', 10133),
(611, 'V2', 10134),
(612, 'V2', 10135),
(613, 'V2', 10136),
(614, 'V2', 10137),
(615, 'V2', 10138),
(616, 'V2', 10139),
(617, 'V2', 10140),
(618, 'V2', 10141),
(619, 'V2', 10142),
(620, 'V2', 10143),
(621, 'V2', 10144),
(622, 'V2', 10145),
(623, 'V2', 10146),
(624, 'V2', 10147),
(625, 'V2', 10148),
(626, 'V2', 10149),
(627, 'V2', 10150),
(628, 'V2', 10151),
(629, 'V2', 10152),
(630, 'V2', 10153),
(631, 'V2', 10154),
(632, 'V2', 10155),
(633, 'V2', 10156),
(634, 'V2', 10157),
(635, 'V2', 10158),
(636, 'V2', 10159),
(637, 'V2', 10160),
(638, 'V2', 10161),
(639, 'V2', 10162),
(640, 'V2', 10163),
(641, 'V2', 10164),
(642, 'V2', 10165),
(643, 'V2', 10166),
(644, 'V2', 10167),
(645, 'V2', 10168),
(646, 'V2', 10169),
(647, 'V2', 10170),
(648, 'V2', 10171),
(649, 'V2', 10172),
(650, 'V2', 10173),
(651, 'V2', 10174),
(652, 'V2', 10175),
(653, 'V2', 10176),
(654, 'V2', 10177),
(655, 'V2', 10178),
(656, 'V2', 10179),
(657, 'V2', 10180),
(658, 'V2', 10181),
(659, 'V2', 10182),
(660, 'V2', 10183),
(661, 'V2', 10184),
(662, 'V2', 10185),
(663, 'V2', 10186),
(664, 'V2', 10187),
(665, 'V2', 10188),
(666, 'V2', 10189),
(667, 'V2', 10190),
(668, 'V2', 10191),
(669, 'V2', 10192),
(670, 'V2', 10193),
(671, 'V2', 10194),
(672, 'V2', 10195),
(673, 'V2', 10196),
(674, 'V2', 10197),
(675, 'V2', 10198),
(676, 'V2', 10199),
(677, 'V2', 10200),
(678, 'V2', 10201),
(679, 'V2', 10202),
(680, 'V2', 10203),
(681, 'V2', 10204),
(682, 'V2', 10205),
(683, 'V2', 10206),
(684, 'V2', 10207),
(685, 'V2', 10208),
(686, 'V2', 10209),
(687, 'V2', 10210),
(688, 'V2', 10211),
(689, 'V2', 10212),
(690, 'V2', 10213),
(691, 'V2', 10214),
(692, 'V2', 10215),
(693, 'V2', 10216),
(694, 'V2', 10217),
(695, 'V2', 10218),
(696, 'V2', 10219),
(697, 'V2', 10220),
(698, 'V2', 10221),
(699, 'V2', 10222),
(700, 'V2', 10223),
(701, 'V2', 10224),
(702, 'V2', 10225),
(703, 'V2', 10226),
(704, 'V2', 10227),
(705, 'V2', 10228),
(706, 'V2', 10229),
(707, 'V2', 10230),
(708, 'V2', 10231),
(709, 'V2', 10232),
(710, 'V2', 10233),
(711, 'V2', 10234),
(712, 'V2', 10235),
(713, 'V2', 10236),
(714, 'V2', 10237),
(715, 'V2', 10238),
(716, 'V2', 10239),
(717, 'V2', 10240),
(718, 'V2', 10241),
(719, 'V2', 10242),
(720, 'V2', 10243),
(721, 'V2', 10244),
(722, 'V2', 10245),
(723, 'V2', 10246),
(724, 'V2', 10247),
(725, 'V2', 10248),
(726, 'V2', 10249),
(727, 'V2', 10250),
(728, 'V2', 10251),
(729, 'V2', 10252),
(730, 'V2', 10253),
(731, 'V2', 10254),
(732, 'V2', 10255),
(733, 'V2', 10256),
(734, 'V2', 10257),
(735, 'V2', 10258),
(736, 'V2', 10259),
(737, 'V2', 10260),
(738, 'V2', 10261),
(739, 'V2', 10262),
(740, 'V2', 10263),
(741, 'V2', 10264),
(742, 'V2', 10265),
(743, 'V2', 10266),
(744, 'V2', 10267),
(745, 'V2', 10268),
(746, 'V2', 10269),
(747, 'V2', 10270),
(748, 'V2', 10271),
(749, 'V2', 10272),
(750, 'V2', 10273),
(751, 'V2', 10274),
(752, 'V2', 10275),
(753, 'V2', 10276),
(754, 'V2', 10277),
(755, 'V2', 10278),
(756, 'V2', 10279),
(757, 'V2', 10280),
(758, 'V2', 10281),
(759, 'V2', 10282),
(760, 'V2', 10283),
(761, 'V2', 10284),
(762, 'V2', 10285),
(763, 'V2', 10286),
(764, 'V2', 10287),
(765, 'V2', 10288),
(766, 'V2', 10289),
(767, 'V2', 10290),
(768, 'V2', 10291),
(769, 'V2', 10292),
(770, 'V2', 10293),
(771, 'V2', 10294),
(772, 'V2', 10295),
(773, 'V2', 10296),
(774, 'V2', 10297),
(775, 'V2', 10298),
(776, 'V2', 10299),
(777, 'V2', 10300),
(778, 'V2', 10301),
(779, 'V2', 10302),
(780, 'V2', 10303),
(781, 'V2', 10304),
(782, 'V2', 10305),
(783, 'V2', 10306),
(784, 'V2', 10307),
(785, 'V2', 10308),
(786, 'V2', 10309),
(787, 'V2', 10310),
(788, 'V2', 10311),
(789, 'V2', 10312),
(790, 'V2', 10313),
(791, 'V2', 10314),
(792, 'V2', 10315),
(793, 'V2', 10316),
(794, 'V2', 10317),
(795, 'V2', 10318),
(796, 'V2', 10319),
(797, 'V2', 10320),
(798, 'V2', 10321),
(799, 'V2', 10322),
(800, 'V2', 10323),
(801, 'V2', 10324),
(802, 'V2', 10325),
(803, 'V2', 10326),
(804, 'V2', 10327),
(805, 'V2', 10328),
(806, 'V2', 10329),
(807, 'V2', 10330),
(808, 'V2', 10331),
(809, 'V2', 10332),
(810, 'V2', 10333),
(811, 'V2', 10334),
(812, 'V2', 10335),
(813, 'V2', 10336),
(814, 'V2', 10337),
(815, 'V2', 10338),
(816, 'V2', 10339),
(817, 'V2', 10340),
(818, 'V2', 10341),
(819, 'V2', 10342),
(820, 'V2', 10343),
(821, 'V2', 10344),
(822, 'V2', 10345),
(823, 'V2', 10346),
(824, 'V2', 10347),
(825, 'V2', 10348),
(826, 'V2', 10349),
(827, 'V2', 10350),
(828, 'V2', 10351),
(829, 'V2', 10352),
(830, 'V2', 10353),
(831, 'V2', 10354),
(832, 'V2', 10355),
(833, 'V2', 10356),
(834, 'V2', 10357),
(835, 'V2', 10358),
(836, 'V2', 10359),
(837, 'V2', 10360),
(838, 'V2', 10361),
(839, 'V2', 10362),
(840, 'V2', 10363),
(841, 'V2', 10364),
(842, 'V2', 10365),
(843, 'V2', 10366),
(844, 'V2', 10367),
(845, 'V2', 10368),
(846, 'V2', 10369),
(847, 'V2', 10370),
(848, 'V2', 10371),
(849, 'V2', 10372),
(850, 'V2', 10373),
(851, 'V2', 10374),
(852, 'V2', 10375),
(853, 'V2', 10376),
(854, 'V2', 10377),
(855, 'V2', 10378),
(856, 'V2', 10379),
(857, 'V2', 10380),
(858, 'V2', 10381),
(859, 'V2', 10382),
(860, 'V2', 10383),
(861, 'V2', 10384),
(862, 'V2', 10385),
(863, 'V2', 10386),
(864, 'V2', 10387),
(865, 'V2', 10388),
(866, 'V2', 10389),
(867, 'V2', 10390),
(868, 'V2', 10391),
(869, 'V2', 10392),
(870, 'V2', 10393),
(871, 'V2', 10394),
(872, 'V2', 10395),
(873, 'V2', 10396),
(874, 'V2', 10397),
(875, 'V2', 10398),
(876, 'V2', 10399),
(877, 'V2', 10400),
(878, 'V2', 10401),
(879, 'V2', 10402),
(880, 'V2', 10403),
(881, 'V2', 10404),
(882, 'V2', 10405),
(883, 'V2', 10406),
(884, 'V2', 10407),
(885, 'V2', 10408),
(886, 'V2', 10409),
(887, 'V2', 10410),
(888, 'V2', 10411),
(889, 'V2', 10412),
(890, 'V2', 10413),
(891, 'V2', 10414),
(892, 'V2', 10415),
(893, 'V2', 10416),
(894, 'V2', 10417),
(895, 'V2', 10418),
(896, 'V2', 10419),
(897, 'V2', 10420),
(898, 'V2', 10421),
(899, 'V2', 10422),
(900, 'V2', 10423),
(901, 'V2', 10424),
(902, 'V2', 10425),
(903, 'V2', 10426),
(904, 'V2', 10427),
(905, 'V2', 10428),
(906, 'V2', 10429),
(907, 'V2', 10430),
(908, 'V2', 10431),
(909, 'V2', 10432),
(910, 'V2', 10433),
(911, 'V2', 10434),
(912, 'V2', 10435),
(913, 'V2', 10436),
(914, 'V2', 10437),
(915, 'V2', 10438),
(916, 'V2', 10439),
(917, 'V2', 10440),
(918, 'V2', 10441),
(919, 'V2', 10442),
(920, 'V2', 10443),
(921, 'V2', 10444),
(922, 'V2', 10445),
(923, 'V2', 10446),
(924, 'V2', 10447),
(925, 'V2', 10448),
(926, 'V2', 10449),
(927, 'V2', 10450),
(928, 'V2', 10451),
(929, 'V2', 10452),
(930, 'V2', 10453),
(931, 'V2', 10454),
(932, 'V2', 10455),
(933, 'V2', 10456),
(934, 'V2', 10457),
(935, 'V2', 10458),
(936, 'V2', 10459),
(937, 'V2', 10460),
(938, 'V2', 10461),
(939, 'V2', 10462),
(940, 'V2', 10463),
(941, 'V2', 10464),
(942, 'V2', 10465),
(943, 'V2', 10466),
(944, 'V2', 10467),
(945, 'V2', 10468),
(946, 'V2', 10469),
(947, 'V2', 10470),
(948, 'V2', 10471),
(949, 'V2', 10472),
(950, 'V2', 10473),
(951, 'V2', 10474),
(952, 'V2', 10475),
(953, 'V2', 10476),
(954, 'V2', 10477),
(955, 'V2', 10478),
(956, 'V2', 10479),
(957, 'V2', 10480),
(958, 'V2', 10481),
(959, 'V2', 10482),
(960, 'V2', 10483),
(961, 'V2', 10484),
(962, 'V2', 10485),
(963, 'V2', 10486),
(964, 'V2', 10487),
(965, 'V2', 10488),
(966, 'V2', 10489),
(967, 'V2', 10490),
(968, 'V2', 10491),
(969, 'V2', 10492),
(970, 'V2', 10493),
(971, 'V2', 10494),
(972, 'V2', 10495),
(973, 'V2', 10496),
(974, 'V2', 10497),
(975, 'V2', 10498),
(976, 'V2', 10499),
(977, 'V2', 10500),
(978, 'V2', 10501),
(979, 'V2', 10502),
(980, 'V2', 10503),
(981, 'V2', 10504),
(982, 'V2', 10505),
(983, 'V2', 10506),
(984, 'V2', 10507),
(985, 'V2', 10508),
(986, 'V2', 10509),
(987, 'V2', 10510),
(988, 'V2', 10511),
(989, 'V2', 10512),
(990, 'V2', 10513),
(991, 'V2', 10514),
(992, 'V2', 10515),
(993, 'V2', 10516),
(994, 'V2', 10517),
(995, 'V2', 10518),
(996, 'V2', 10519),
(997, 'V2', 10520),
(998, 'V2', 10521),
(999, 'V2', 10522),
(1000, 'V2', 10523),
(1001, 'V2', 10524);

--
-- Index pour les tables exportées
--

--
-- Index pour la table `ACTIVITY`
--
ALTER TABLE `ACTIVITY`
  ADD PRIMARY KEY (`id_Activity`),
  ADD UNIQUE KEY `id_Activity` (`id_Activity`);

--
-- Index pour la table `BEEKEEPER`
--
ALTER TABLE `BEEKEEPER`
  ADD PRIMARY KEY (`id_Beekeeper`),
  ADD UNIQUE KEY `id_Beekeeper` (`id_Beekeeper`),
  ADD KEY `CST_FK_Experience` (`FK_Experience`),
  ADD KEY `CST_FK_Activity` (`FK_Activity`),
  ADD KEY `CST_FK_Age` (`Age`);

--
-- Index pour la table `BEEKEEPER_EXPERIENCE`
--
ALTER TABLE `BEEKEEPER_EXPERIENCE`
  ADD PRIMARY KEY (`id_Beekeep_for`),
  ADD UNIQUE KEY `id_Beekeep_for` (`id_Beekeep_for`);

--
-- Index pour la table `BEE_POPULATION`
--
ALTER TABLE `BEE_POPULATION`
  ADD PRIMARY KEY (`id_Population`),
  ADD UNIQUE KEY `id_Population` (`id_Population`),
  ADD KEY `CST_FK_Breed` (`FK_Breed`),
  ADD KEY `CST_FK_Beekeeper` (`FK_Beekeeper`);

--
-- Index pour la table `BREED`
--
ALTER TABLE `BREED`
  ADD PRIMARY KEY (`id_Breed`),
  ADD UNIQUE KEY `id_Breed` (`id_Breed`);

--
-- Index pour la table `DISEASE`
--
ALTER TABLE `DISEASE`
  ADD PRIMARY KEY (`id_Disease`),
  ADD UNIQUE KEY `id_Disease` (`id_Disease`);

--
-- Index pour la table `JT_OBSERVATION`
--
ALTER TABLE `JT_OBSERVATION`
  ADD PRIMARY KEY (`FK_Disease`,`FK_Visit`),
  ADD KEY `CST_FK_Visit` (`FK_Visit`);

--
-- Index pour la table `VISIT`
--
ALTER TABLE `VISIT`
  ADD PRIMARY KEY (`id_Visit`),
  ADD UNIQUE KEY `id_Visit` (`id_Visit`);

--
-- AUTO_INCREMENT pour les tables exportées
--

--
-- AUTO_INCREMENT pour la table `ACTIVITY`
--
ALTER TABLE `ACTIVITY`
  MODIFY `id_Activity` bigint(20) UNSIGNED NOT NULL AUTO_INCREMENT, AUTO_INCREMENT=5;
--
-- AUTO_INCREMENT pour la table `BEEKEEPER`
--
ALTER TABLE `BEEKEEPER`
  MODIFY `id_Beekeeper` bigint(20) UNSIGNED NOT NULL AUTO_INCREMENT, AUTO_INCREMENT=10525;
--
-- AUTO_INCREMENT pour la table `BEEKEEPER_EXPERIENCE`
--
ALTER TABLE `BEEKEEPER_EXPERIENCE`
  MODIFY `id_Beekeep_for` bigint(20) UNSIGNED NOT NULL AUTO_INCREMENT, AUTO_INCREMENT=4;
--
-- AUTO_INCREMENT pour la table `BEE_POPULATION`
--
ALTER TABLE `BEE_POPULATION`
  MODIFY `id_Population` bigint(20) UNSIGNED NOT NULL AUTO_INCREMENT, AUTO_INCREMENT=1001;
--
-- AUTO_INCREMENT pour la table `BREED`
--
ALTER TABLE `BREED`
  MODIFY `id_Breed` bigint(20) UNSIGNED NOT NULL AUTO_INCREMENT, AUTO_INCREMENT=8;
--
-- AUTO_INCREMENT pour la table `DISEASE`
--
ALTER TABLE `DISEASE`
  MODIFY `id_Disease` bigint(20) UNSIGNED NOT NULL AUTO_INCREMENT, AUTO_INCREMENT=7;
--
-- AUTO_INCREMENT pour la table `VISIT`
--
ALTER TABLE `VISIT`
  MODIFY `id_Visit` bigint(20) UNSIGNED NOT NULL AUTO_INCREMENT, AUTO_INCREMENT=1002;
--
-- Contraintes pour les tables exportées
--

--
-- Contraintes pour la table `BEEKEEPER`
--
ALTER TABLE `BEEKEEPER`
  ADD CONSTRAINT `CST_FK_Activity` FOREIGN KEY (`FK_Activity`) REFERENCES `ACTIVITY` (`id_Activity`) ON DELETE CASCADE ON UPDATE CASCADE,
  ADD CONSTRAINT `CST_FK_Experience` FOREIGN KEY (`FK_Experience`) REFERENCES `BEEKEEPER_EXPERIENCE` (`id_Beekeep_for`) ON DELETE CASCADE ON UPDATE CASCADE;

--
-- Contraintes pour la table `BEE_POPULATION`
--
ALTER TABLE `BEE_POPULATION`
  ADD CONSTRAINT `CST_FK_Beekeeper` FOREIGN KEY (`FK_Beekeeper`) REFERENCES `BEEKEEPER` (`id_Beekeeper`) ON DELETE CASCADE ON UPDATE CASCADE,
  ADD CONSTRAINT `CST_FK_Breed` FOREIGN KEY (`FK_Breed`) REFERENCES `BREED` (`id_Breed`) ON DELETE CASCADE ON UPDATE CASCADE;

--
-- Contraintes pour la table `JT_OBSERVATION`
--
ALTER TABLE `JT_OBSERVATION`
  ADD CONSTRAINT `CST_FK_Disease` FOREIGN KEY (`FK_Disease`) REFERENCES `DISEASE` (`id_Disease`) ON DELETE CASCADE ON UPDATE CASCADE,
  ADD CONSTRAINT `CST_FK_Visit` FOREIGN KEY (`FK_Visit`) REFERENCES `VISIT` (`id_Visit`) ON DELETE CASCADE ON UPDATE CASCADE;

/*!40101 SET CHARACTER_SET_CLIENT=@OLD_CHARACTER_SET_CLIENT */;
/*!40101 SET CHARACTER_SET_RESULTS=@OLD_CHARACTER_SET_RESULTS */;
/*!40101 SET COLLATION_CONNECTION=@OLD_COLLATION_CONNECTION */;
